#t,u,v,theta0_vect,theta1_vect,th1_obs
0.0,0.0,0.0,-130.0,0.0,0.0
0.00666666666667,0.0,0.0,-130.0,0.0,0.0
0.0133333333333,0.0,0.0,-130.0,0.0,0.0
0.02,0.0,0.0,-130.0,0.0,0.0
0.0266666666667,0.0,0.0,-130.0,0.0,0.0
0.0333333333333,0.0,0.0,-130.0,0.0,0.0
0.04,0.0,0.0,-130.0,0.0,0.0
0.0466666666667,0.0,0.0,-130.0,0.0,0.0
0.0533333333333,0.0,0.0,-130.0,0.0,0.0
0.06,0.0,0.0,-130.0,0.0,0.0
0.0666666666667,0.0,0.0,-130.0,0.0,0.0
0.0733333333333,0.0,0.0,-130.0,0.0,0.0
0.08,0.0,0.0,-130.0,0.0,0.0
0.0866666666667,0.0,0.0,-130.0,0.0,0.0
0.0933333333333,0.0,0.0,-130.0,0.0,0.0
0.1,0.0,0.0,-130.0,0.0,0.0
0.106666666667,0.0,0.0,-130.0,0.0,0.0
0.113333333333,0.0,0.0,-130.0,0.0,0.0
0.12,0.0,0.0,-130.0,0.0,0.0
0.126666666667,0.0,0.0,-130.0,0.0,0.0
0.133333333333,0.0,0.0,-130.0,0.0,0.0
0.14,0.0,0.0,-130.0,0.0,0.0
0.146666666667,0.0,0.0,-130.0,0.0,0.0
0.153333333333,0.0,0.0,-130.0,0.0,0.0
0.16,0.0,0.0,-130.0,0.0,0.0
0.166666666667,0.0,0.0,-130.0,0.0,0.0
0.173333333333,0.0,0.0,-130.0,0.0,0.0
0.18,0.0,0.0,-130.0,0.0,0.0
0.186666666667,0.0,0.0,-130.0,0.0,0.0
0.193333333333,0.0,0.0,-130.0,0.0,0.0
0.2,0.0,0.0,-130.0,0.0,0.0
0.206666666667,0.0,0.0,-130.0,0.0,0.0
0.213333333333,0.0,0.0,-130.0,0.0,0.0
0.22,0.0,0.0,-130.0,0.0,0.0
0.226666666667,0.0,0.0,-130.0,0.0,0.0
0.233333333333,0.0,0.0,-130.0,0.0,0.0
0.24,0.0,0.0,-130.0,0.0,0.0
0.246666666667,0.0,0.0,-130.0,0.0,0.0
0.253333333333,0.0,0.0,-130.0,0.0,0.0
0.26,0.0,0.0,-130.0,0.0,0.0
0.266666666667,0.0,0.0,-130.0,0.0,0.0
0.273333333333,0.0,0.0,-130.0,0.0,0.0
0.28,0.0,0.0,-130.0,0.0,0.0
0.286666666667,0.0,0.0,-130.0,0.0,0.0
0.293333333333,0.0,0.0,-130.0,0.0,0.0
0.3,0.0,0.0,-130.0,0.0,0.0
0.306666666667,0.0,0.0,-130.0,0.0,0.0
0.313333333333,0.0,0.0,-130.0,0.0,0.0
0.32,0.0,0.0,-130.0,0.0,0.0
0.326666666667,0.0,0.0,-130.0,0.0,0.0
0.333333333333,0.0,0.0,-130.0,0.0,0.0
0.34,0.0,0.0,-130.0,0.0,0.0
0.346666666667,0.0,0.0,-130.0,0.0,0.0
0.353333333333,0.0,0.0,-130.0,0.0,0.0
0.36,0.0,0.0,-130.0,0.0,0.0
0.366666666667,0.0,0.0,-130.0,0.0,0.0
0.373333333333,0.0,0.0,-130.0,0.0,0.0
0.38,0.0,0.0,-130.0,0.0,0.0
0.386666666667,0.0,0.0,-130.0,0.0,0.0
0.393333333333,0.0,0.0,-130.0,0.0,0.0
0.4,0.0,0.0,-130.0,0.0,0.0
0.406666666667,0.0,0.0,-130.0,0.0,0.0
0.413333333333,0.0,0.0,-130.0,0.0,0.0
0.42,0.0,0.0,-130.0,0.0,0.0
0.426666666667,0.0,0.0,-130.0,0.0,0.0
0.433333333333,0.0,0.0,-130.0,0.0,0.0
0.44,0.0,0.0,-130.0,0.0,0.0
0.446666666667,0.0,0.0,-130.0,0.0,0.0
0.453333333333,0.0,0.0,-130.0,0.0,0.0
0.46,0.0,0.0,-130.0,0.0,0.0
0.466666666667,0.0,0.0,-130.0,0.0,0.0
0.473333333333,0.0,0.0,-130.0,0.0,0.0
0.48,0.0,0.0,-130.0,0.0,0.0
0.486666666667,0.0,0.0,-130.0,0.0,0.0
0.493333333333,0.0,0.0,-130.0,0.0,0.0
0.5,0.0,0.0,-130.0,0.0,0.0
0.506666666667,0.0,0.0,-130.0,0.0,0.0
0.513333333333,0.0,0.0,-130.0,0.0,0.0
0.52,0.0,0.0,-130.0,0.0,0.0
0.526666666667,0.0,0.0,-130.0,0.0,0.0
0.533333333333,0.0,0.0,-130.0,0.0,0.0
0.54,0.0,0.0,-130.0,0.0,0.0
0.546666666667,0.0,0.0,-130.0,0.0,0.0
0.553333333333,0.0,0.0,-130.0,0.0,0.0
0.56,0.0,0.0,-130.0,0.0,0.0
0.566666666667,0.0,0.0,-130.0,0.0,0.0
0.573333333333,0.0,0.0,-130.0,0.0,0.0
0.58,0.0,0.0,-130.0,0.0,0.0
0.586666666667,0.0,0.0,-130.0,0.0,0.0
0.593333333333,0.0,0.0,-130.0,0.0,0.0
0.6,0.0,0.0,-130.0,0.0,0.0
0.606666666667,0.0,0.0,-130.0,0.0,0.0
0.613333333333,0.0,0.0,-130.0,0.0,0.0
0.62,0.0,0.0,-130.0,0.0,0.0
0.626666666667,0.0,0.0,-130.0,0.0,0.0
0.633333333333,0.0,0.0,-130.0,0.0,0.0
0.64,0.0,0.0,-130.0,0.0,0.0
0.646666666667,0.0,0.0,-130.0,0.0,0.0
0.653333333333,0.0,0.0,-130.0,0.0,0.0
0.66,0.0,0.0,-130.0,0.0,0.0
0.666666666667,0.0,0.0,-130.0,0.0,0.0
0.673333333333,0.0,0.0,-130.0,0.0,0.0
0.68,0.0,0.0,-130.0,0.0,0.0
0.686666666667,0.0,0.0,-130.0,0.0,0.0
0.693333333333,0.0,0.0,-130.0,0.0,0.0
0.7,0.0,0.0,-130.0,0.0,0.0
0.706666666667,0.0,0.0,-130.0,0.0,0.0
0.713333333333,0.0,0.0,-130.0,0.0,0.0
0.72,0.0,0.0,-130.0,0.0,0.0
0.726666666667,0.0,0.0,-130.0,0.0,0.0
0.733333333333,0.0,0.0,-130.0,0.0,0.0
0.74,0.0,0.0,-130.0,0.0,0.0
0.746666666667,0.0,0.0,-130.0,0.0,0.0
0.753333333333,0.0,0.0,-130.0,0.0,0.0
0.76,0.0,0.0,-130.0,0.0,0.0
0.766666666667,0.0,0.0,-130.0,0.0,0.0
0.773333333333,0.0,0.0,-130.0,0.0,0.0
0.78,0.0,0.0,-130.0,0.0,0.0
0.786666666667,0.0,0.0,-130.0,0.0,0.0
0.793333333333,0.0,0.0,-130.0,0.0,0.0
0.8,0.0,0.0,-130.0,0.0,0.0
0.806666666667,0.0,0.0,-130.0,0.0,0.0
0.813333333333,0.0,0.0,-130.0,0.0,0.0
0.82,0.0,0.0,-130.0,0.0,0.0
0.826666666667,0.0,0.0,-130.0,0.0,0.0
0.833333333333,0.0,0.0,-130.0,0.0,0.0
0.84,0.0,0.0,-130.0,0.0,0.0
0.846666666667,0.0,0.0,-130.0,0.0,0.0
0.853333333333,0.0,0.0,-130.0,0.0,0.0
0.86,0.0,0.0,-130.0,0.0,0.0
0.866666666667,0.0,0.0,-130.0,0.0,0.0
0.873333333333,0.0,0.0,-130.0,0.0,0.0
0.88,0.0,0.0,-130.0,0.0,0.0
0.886666666667,0.0,0.0,-130.0,0.0,0.0
0.893333333333,0.0,0.0,-130.0,0.0,0.0
0.9,0.0,0.0,-130.0,0.0,0.0
0.906666666667,0.0,0.0,-130.0,0.0,0.0
0.913333333333,0.0,0.0,-130.0,0.0,0.0
0.92,0.0,0.0,-130.0,0.0,0.0
0.926666666667,0.0,0.0,-130.0,0.0,0.0
0.933333333333,0.0,0.0,-130.0,0.0,0.0
0.94,0.0,0.0,-130.0,0.0,0.0
0.946666666667,0.0,0.0,-130.0,0.0,0.0
0.953333333333,0.0,0.0,-130.0,0.0,0.0
0.96,0.0,0.0,-130.0,0.0,0.0
0.966666666667,0.0,0.0,-130.0,0.0,0.0
0.973333333333,0.0,0.0,-130.0,0.0,0.0
0.98,0.0,0.0,-130.0,0.0,0.0
0.986666666667,0.0,0.0,-130.0,0.0,0.0
0.993333333333,0.0,0.0,-130.0,0.0,0.0
1.0,0.0,0.0,-130.0,0.0,0.0
1.00666666667,0.0,0.0,-130.0,0.0,0.0
1.01333333333,0.0,0.0,-130.0,0.0,0.0
1.02,0.0,0.0,-130.0,0.0,0.0
1.02666666667,0.0,0.0,-130.0,0.0,0.0
1.03333333333,0.0,0.0,-130.0,0.0,0.0
1.04,0.0,0.0,-130.0,0.0,0.0
1.04666666667,0.0,0.0,-130.0,0.0,0.0
1.05333333333,0.0,0.0,-130.0,0.0,0.0
1.06,0.0,0.0,-130.0,0.0,0.0
1.06666666667,0.0,0.0,-130.0,0.0,0.0
1.07333333333,0.0,0.0,-130.0,0.0,0.0
1.08,0.0,0.0,-130.0,0.0,0.0
1.08666666667,0.0,0.0,-130.0,0.0,0.0
1.09333333333,0.0,0.0,-130.0,0.0,0.0
1.1,0.0,0.0,-130.0,0.0,0.0
1.10666666667,0.0,0.0,-130.0,0.0,0.0
1.11333333333,0.0,0.0,-130.0,0.0,0.0
1.12,0.0,0.0,-130.0,0.0,0.0
1.12666666667,0.0,0.0,-130.0,0.0,0.0
1.13333333333,0.0,0.0,-130.0,0.0,0.0
1.14,0.0,0.0,-130.0,0.0,0.0
1.14666666667,0.0,0.0,-130.0,0.0,0.0
1.15333333333,0.0,0.0,-130.0,0.0,0.0
1.16,0.0,0.0,-130.0,0.0,0.0
1.16666666667,0.0,0.0,-130.0,0.0,0.0
1.17333333333,0.0,0.0,-130.0,0.0,0.0
1.18,0.0,0.0,-130.0,0.0,0.0
1.18666666667,0.0,0.0,-130.0,0.0,0.0
1.19333333333,0.0,0.0,-130.0,0.0,0.0
1.2,0.0,0.0,-130.0,0.0,0.0
1.20666666667,0.0,0.0,-130.0,0.0,0.0
1.21333333333,0.0,0.0,-130.0,0.0,0.0
1.22,0.0,0.0,-130.0,0.0,0.0
1.22666666667,0.0,0.0,-130.0,0.0,0.0
1.23333333333,0.0,0.0,-130.0,0.0,0.0
1.24,0.0,0.0,-130.0,0.0,0.0
1.24666666667,0.0,0.0,-130.0,0.0,0.0
1.25333333333,0.0,0.0,-130.0,0.0,0.0
1.26,0.0,0.0,-130.0,0.0,0.0
1.26666666667,0.0,0.0,-130.0,0.0,0.0
1.27333333333,0.0,0.0,-130.0,0.0,0.0
1.28,0.0,0.0,-130.0,0.0,0.0
1.28666666667,0.0,0.0,-130.0,0.0,0.0
1.29333333333,0.0,0.0,-130.0,0.0,0.0
1.3,0.0,0.0,-130.0,0.0,0.0
1.30666666667,0.0,0.0,-130.0,0.0,0.0
1.31333333333,0.0,0.0,-130.0,0.0,0.0
1.32,0.0,0.0,-130.0,0.0,0.0
1.32666666667,0.0,0.0,-130.0,0.0,0.0
1.33333333333,0.0,0.0,-130.0,0.0,0.0
1.34,0.0,0.0,-130.0,0.0,0.0
1.34666666667,0.0,0.0,-130.0,0.0,0.0
1.35333333333,0.0,0.0,-130.0,0.0,0.0
1.36,0.0,0.0,-130.0,0.0,0.0
1.36666666667,0.0,0.0,-130.0,0.0,0.0
1.37333333333,0.0,0.0,-130.0,0.0,0.0
1.38,0.0,0.0,-130.0,0.0,0.0
1.38666666667,0.0,0.0,-130.0,0.0,0.0
1.39333333333,0.0,0.0,-130.0,0.0,0.0
1.4,0.0,0.0,-130.0,0.0,0.0
1.40666666667,0.0,0.0,-130.0,0.0,0.0
1.41333333333,0.0,0.0,-130.0,0.0,0.0
1.42,0.0,0.0,-130.0,0.0,0.0
1.42666666667,0.0,0.0,-130.0,0.0,0.0
1.43333333333,0.0,0.0,-130.0,0.0,0.0
1.44,0.0,0.0,-130.0,0.0,0.0
1.44666666667,0.0,0.0,-130.0,0.0,0.0
1.45333333333,0.0,0.0,-130.0,0.0,0.0
1.46,0.0,0.0,-130.0,0.0,0.0
1.46666666667,0.0,0.0,-130.0,0.0,0.0
1.47333333333,0.0,0.0,-130.0,0.0,0.0
1.48,0.0,0.0,-130.0,0.0,0.0
1.48666666667,0.0,0.0,-130.0,0.0,0.0
1.49333333333,0.0,0.0,-130.0,0.0,0.0
1.5,0.0,0.0,-130.0,0.0,0.0
1.50666666667,0.0,0.0,-130.0,0.0,0.0
1.51333333333,0.0,0.0,-130.0,0.0,0.0
1.52,0.0,0.0,-130.0,0.0,0.0
1.52666666667,0.0,0.0,-130.0,0.0,0.0
1.53333333333,0.0,0.0,-130.0,0.0,0.0
1.54,0.0,0.0,-130.0,0.0,0.0
1.54666666667,0.0,0.0,-130.0,0.0,0.0
1.55333333333,0.0,0.0,-130.0,0.0,0.0
1.56,0.0,0.0,-130.0,0.0,0.0
1.56666666667,0.0,0.0,-130.0,0.0,0.0
1.57333333333,0.0,0.0,-130.0,0.0,0.0
1.58,0.0,0.0,-130.0,0.0,0.0
1.58666666667,0.0,0.0,-130.0,0.0,0.0
1.59333333333,0.0,0.0,-130.0,0.0,0.0
1.6,0.0,0.0,-130.0,0.0,0.0
1.60666666667,0.0,0.0,-130.0,0.0,0.0
1.61333333333,0.0,0.0,-130.0,0.0,0.0
1.62,0.0,0.0,-130.0,0.0,0.0
1.62666666667,0.0,0.0,-130.0,0.0,0.0
1.63333333333,0.0,0.0,-130.0,0.0,0.0
1.64,0.0,0.0,-130.0,0.0,0.0
1.64666666667,0.0,0.0,-130.0,0.0,0.0
1.65333333333,0.0,0.0,-130.0,0.0,0.0
1.66,0.0,0.0,-130.0,0.0,0.0
1.66666666667,0.0,0.0,-130.0,0.0,0.0
1.67333333333,0.0,0.0,-130.0,0.0,0.0
1.68,0.0,0.0,-130.0,0.0,0.0
1.68666666667,0.0,0.0,-130.0,0.0,0.0
1.69333333333,0.0,0.0,-130.0,0.0,0.0
1.7,0.0,0.0,-130.0,0.0,0.0
1.70666666667,0.0,0.0,-130.0,0.0,0.0
1.71333333333,0.0,0.0,-130.0,0.0,0.0
1.72,0.0,0.0,-130.0,0.0,0.0
1.72666666667,0.0,0.0,-130.0,0.0,0.0
1.73333333333,0.0,0.0,-130.0,0.0,0.0
1.74,0.0,0.0,-130.0,0.0,0.0
1.74666666667,0.0,0.0,-130.0,0.0,0.0
1.75333333333,0.0,0.0,-130.0,0.0,0.0
1.76,0.0,0.0,-130.0,0.0,0.0
1.76666666667,0.0,0.0,-130.0,0.0,0.0
1.77333333333,0.0,0.0,-130.0,0.0,0.0
1.78,0.0,0.0,-130.0,0.0,0.0
1.78666666667,0.0,0.0,-130.0,0.0,0.0
1.79333333333,0.0,0.0,-130.0,0.0,0.0
1.8,0.0,0.0,-130.0,0.0,0.0
1.80666666667,0.0,0.0,-130.0,0.0,0.0
1.81333333333,0.0,0.0,-130.0,0.0,0.0
1.82,0.0,0.0,-130.0,0.0,0.0
1.82666666667,0.0,0.0,-130.0,0.0,0.0
1.83333333333,0.0,0.0,-130.0,0.0,0.0
1.84,0.0,0.0,-130.0,0.0,0.0
1.84666666667,0.0,0.0,-130.0,0.0,0.0
1.85333333333,0.0,0.0,-130.0,0.0,0.0
1.86,0.0,0.0,-130.0,0.0,0.0
1.86666666667,0.0,0.0,-130.0,0.0,0.0
1.87333333333,0.0,0.0,-130.0,0.0,0.0
1.88,0.0,0.0,-130.0,-1.0,0.0
1.88666666667,0.0,0.0,-132.0,-8.0,-0.502870843144
1.89333333333,0.0,13.0,-133.0,-17.0,-4.27110402014
1.9,0.0,70.0,-135.0,-26.0,-10.7604923085
1.90666666667,0.0,70.0,-136.0,-35.0,-18.6481379865
1.91333333333,0.0,70.0,-136.0,-43.0,-27.4172466631
1.92,0.0,70.0,-136.0,-50.0,-36.159990455
1.92666666667,0.0,70.0,-133.0,-54.0,-44.2391650304
1.93333333333,0.0,70.0,-131.0,-59.0,-50.2437589696
1.94,0.0,70.0,-127.0,-62.0,-55.2741278342
1.94666666667,0.0,70.0,-122.0,-64.0,-58.6856719512
1.95333333333,0.0,70.0,-116.0,-64.0,-60.5747152503
1.96,0.0,70.0,-110.0,-64.0,-60.5625701685
1.96666666667,0.0,70.0,-102.0,-62.0,-59.4370995445
1.97333333333,0.0,70.0,-94.0,-59.0,-56.7827142188
1.98,0.0,70.0,-84.0,-54.0,-52.820222947
1.98666666667,0.0,70.0,-74.0,-50.0,-47.2197735103
1.99333333333,0.0,70.0,-63.0,-43.0,-41.2709070245
2.0,0.0,70.0,-51.0,-36.0,-33.8661159633
2.00666666667,0.0,70.0,-38.0,-28.0,-25.7109262092
2.01333333333,0.0,70.0,-24.0,-19.0,-16.8030638289
2.02,0.0,60.0,-10.0,-9.0,-7.19513974082
2.02666666667,0.0,-70.0,6.0,2.0,2.14759117742
2.03333333333,0.0,-70.0,21.0,13.0,10.8809044602
2.04,0.0,-70.0,36.0,24.0,19.4352780819
2.04666666667,0.0,-70.0,51.0,34.0,28.0836589207
2.05333333333,0.0,-70.0,64.0,43.0,36.4723052654
2.06,0.0,-70.0,76.0,50.0,44.3162370027
2.06666666667,0.0,-70.0,88.0,56.0,50.9006234671
2.07333333333,0.0,-70.0,97.0,60.0,56.2392833643
2.08,0.0,-70.0,107.0,64.0,59.8732384527
2.08666666667,0.0,-70.0,113.0,65.0,62.5205362733
2.09333333333,0.0,-70.0,120.0,66.0,63.2070330985
2.1,0.0,-70.0,124.0,65.0,62.7739939271
2.10666666667,0.0,-70.0,128.0,62.0,60.8378634126
2.11333333333,0.0,-70.0,132.0,58.0,57.1323900238
2.12,0.0,-70.0,133.0,53.0,51.9936642042
2.12666666667,0.0,-70.0,134.0,46.0,45.6767900549
2.13333333333,0.0,-70.0,134.0,38.0,37.8572823025
2.14,0.0,-70.0,132.0,28.0,28.8066989967
2.14666666667,0.0,-70.0,130.0,18.0,18.216430683
2.15333333333,0.0,70.0,126.0,7.0,7.90985985501
2.16,0.0,70.0,122.0,-6.0,-1.59036591335
2.16666666667,0.0,70.0,118.0,-18.0,-11.7120302866
2.17333333333,0.0,70.0,114.0,-30.0,-21.9265669929
2.18,0.0,70.0,111.0,-41.0,-32.3087775234
2.18666666667,0.0,70.0,109.0,-50.0,-42.3800179714
2.19333333333,0.0,70.0,108.0,-58.0,-51.2848596285
2.2,0.0,70.0,108.0,-65.0,-58.9437834454
2.20666666667,0.0,70.0,109.0,-70.0,-65.3457873166
2.21333333333,0.0,70.0,111.0,-75.0,-70.0185415129
2.22,0.0,70.0,115.0,-78.0,-73.6750066774
2.22666666667,0.0,70.0,118.0,-79.0,-75.8442590936
2.23333333333,0.0,70.0,123.0,-80.0,-76.2067179846
2.24,0.0,70.0,129.0,-79.0,-75.5741082451
2.24666666667,0.0,70.0,136.0,-78.0,-73.5312601685
2.25333333333,0.0,70.0,144.0,-74.0,-70.7884469786
2.26,0.0,70.0,152.0,-70.0,-66.3343405944
2.26666666667,0.0,70.0,162.0,-65.0,-60.9600050394
2.27333333333,0.0,70.0,172.0,-58.0,-54.7326603286
2.28,0.0,70.0,184.0,-51.0,-47.180211875
2.28666666667,0.0,70.0,196.0,-42.0,-38.9700302237
2.29333333333,0.0,70.0,208.0,-33.0,-29.5639170734
2.3,0.0,70.0,223.0,-22.0,-19.575740318
2.30666666667,0.0,70.0,237.0,-11.0,-8.42732826314
2.31333333333,0.0,32.0,253.0,2.0,3.0139074427
2.32,0.0,-70.0,268.0,14.0,14.4596186524
2.32666666667,0.0,-70.0,283.0,26.0,24.7340790039
2.33333333333,0.0,-70.0,298.0,37.0,34.4296561095
2.34,0.0,-70.0,311.0,47.0,43.4572299374
2.34666666667,0.0,-70.0,323.0,56.0,51.7339696027
2.35333333333,0.0,-70.0,334.0,62.0,59.1902287491
2.36,0.0,-70.0,343.0,68.0,64.7663503268
2.36666666667,0.0,-70.0,351.0,71.0,69.2439312366
2.37333333333,0.0,-70.0,358.0,74.0,71.6988774596
2.38,0.0,-70.0,363.0,74.0,73.0088411904
2.38666666667,0.0,-70.0,367.0,74.0,72.3115880151
2.39333333333,0.0,-70.0,370.0,72.0,70.519466949
2.4,0.0,-70.0,372.0,68.0,67.2878881487
2.40666666667,0.0,-70.0,372.0,63.0,62.3662372721
2.41333333333,0.0,-70.0,372.0,56.0,56.0907474032
2.42,0.0,-70.0,371.0,48.0,48.2046755727
2.42666666667,0.0,-70.0,368.0,38.0,39.0317072547
2.43333333333,0.0,-70.0,364.0,28.0,28.3002222595
2.44,0.0,70.0,359.0,15.0,17.8574658751
2.44666666667,0.0,70.0,354.0,3.0,7.23376389772
2.45333333333,0.0,70.0,348.0,-10.0,-3.16709551222
2.46,0.0,70.0,342.0,-23.0,-14.0322746822
2.46666666667,0.0,70.0,338.0,-34.0,-25.3153771598
2.47333333333,0.0,70.0,334.0,-45.0,-35.9350249466
2.48,0.0,70.0,332.0,-53.0,-46.1242302784
2.48666666667,0.0,70.0,330.0,-61.0,-54.5599963722
2.49333333333,0.0,70.0,330.0,-67.0,-61.8546458425
2.5,0.0,70.0,330.0,-72.0,-67.4923142375
2.50666666667,0.0,70.0,331.0,-76.0,-71.6492133498
2.51333333333,0.0,70.0,333.0,-79.0,-74.491564889
2.52,0.0,70.0,336.0,-80.0,-76.1607365714
2.52666666667,0.0,70.0,340.0,-81.0,-76.264482148
2.53333333333,0.0,70.0,346.0,-80.0,-75.5442176942
2.54,0.0,70.0,351.0,-78.0,-73.523891697
2.54666666667,0.0,70.0,358.0,-74.0,-70.3625282267
2.55333333333,0.0,70.0,366.0,-70.0,-65.6747782889
2.56,0.0,70.0,374.0,-64.0,-60.2018561013
2.56666666667,0.0,70.0,384.0,-57.0,-53.4633718524
2.57333333333,0.0,70.0,394.0,-50.0,-45.6120888976
2.58,0.0,70.0,404.0,-40.0,-37.2617376477
2.58666666667,0.0,70.0,416.0,-31.0,-27.321584681
2.59333333333,0.0,70.0,428.0,-21.0,-17.025326954
2.6,0.0,70.0,442.0,-9.0,-6.23950893535
2.60666666667,0.0,70.0,455.0,3.0,5.66715503503
2.61333333333,0.0,-70.0,470.0,15.0,17.1086611601
2.62,0.0,-70.0,484.0,28.0,27.2195893869
2.62666666667,0.0,-70.0,499.0,41.0,37.1798267516
2.63333333333,0.0,-70.0,511.0,52.0,47.3027980864
2.64,0.0,-70.0,523.0,61.0,56.7476910399
2.64666666667,0.0,-70.0,534.0,70.0,64.8847469195
2.65333333333,0.0,-70.0,542.0,76.0,72.2860599608
2.66,0.0,-70.0,550.0,81.0,77.8628048059
2.66666666667,0.0,-70.0,556.0,84.0,81.8701757895
2.67333333333,0.0,-70.0,561.0,85.0,84.0280275265
2.68,0.0,-70.0,564.0,85.0,84.1702938903
2.68666666667,0.0,-70.0,566.0,84.0,82.7198868512
2.69333333333,0.0,-70.0,567.0,80.0,80.000938628
2.7,0.0,-70.0,567.0,75.0,75.236760208
2.70666666667,0.0,-70.0,566.0,69.0,68.8915878511
2.71333333333,0.0,-70.0,564.0,61.0,61.3127208898
2.72,0.0,-70.0,560.0,52.0,52.2362006646
2.72666666667,0.0,-70.0,555.0,41.0,41.968581792
2.73333333333,0.0,-67.0,548.0,28.0,30.2394321821
2.74,0.0,70.0,540.0,15.0,17.8574117648
2.74666666667,0.0,70.0,532.0,1.0,6.13020893845
2.75333333333,0.0,70.0,524.0,-14.0,-5.76277911185
2.76,0.0,70.0,516.0,-28.0,-18.3905762681
2.76666666667,0.0,70.0,509.0,-41.0,-31.1034668086
2.77333333333,0.0,70.0,503.0,-52.0,-43.4029805919
2.78,0.0,70.0,498.0,-62.0,-54.4336769933
2.78666666667,0.0,70.0,495.0,-71.0,-64.1276650466
2.79333333333,0.0,70.0,492.0,-79.0,-72.4910758378
2.8,0.0,70.0,490.0,-86.0,-79.5728540574
2.80666666667,0.0,70.0,489.0,-90.0,-85.441524314
2.81333333333,0.0,70.0,489.0,-93.0,-89.1635595259
2.82,0.0,70.0,490.0,-95.0,-91.1223181533
2.82666666667,0.0,70.0,492.0,-96.0,-91.6380900523
2.83333333333,0.0,70.0,495.0,-96.0,-90.9575027839
2.84,0.0,70.0,499.0,-94.0,-89.2557246339
2.84666666667,0.0,70.0,504.0,-91.0,-86.1430645513
2.85333333333,0.0,70.0,509.0,-87.0,-81.841977486
2.86,0.0,70.0,516.0,-82.0,-76.5126892103
2.86666666667,0.0,70.0,523.0,-75.0,-70.2605797948
2.87333333333,0.0,70.0,531.0,-67.0,-62.6439273588
2.88,0.0,70.0,540.0,-59.0,-53.8495543216
2.88666666667,0.0,70.0,550.0,-49.0,-44.5186486529
2.89333333333,0.0,70.0,560.0,-38.0,-34.0837879758
2.9,0.0,70.0,572.0,-26.0,-22.6283032801
2.90666666667,0.0,70.0,584.0,-14.0,-10.2119156758
2.91333333333,0.0,70.0,596.0,-1.0,2.62341980452
2.92,0.0,70.0,609.0,13.0,16.0137515111
2.92666666667,0.0,-70.0,623.0,27.0,29.0461385564
2.93333333333,0.0,-70.0,636.0,41.0,40.8417581499
2.94,0.0,-70.0,649.0,55.0,52.058910405
2.94666666667,0.0,-70.0,661.0,67.0,63.1499233005
2.95333333333,0.0,-70.0,672.0,77.0,73.3885747463
2.96,0.0,-70.0,680.0,86.0,82.2322998211
2.96666666667,0.0,-70.0,688.0,93.0,89.8114408889
2.97333333333,0.0,-70.0,694.0,98.0,95.7374522243
2.98,0.0,-70.0,699.0,102.0,99.7579243736
2.98666666667,0.0,-70.0,702.0,104.0,102.232254006
2.99333333333,0.0,-70.0,704.0,104.0,102.938857208
3.0,0.0,-70.0,704.0,102.0,101.736713581
3.00666666667,0.0,-70.0,704.0,98.0,98.5483529768
3.01333333333,0.0,-70.0,702.0,93.0,93.3425937506
3.02,0.0,-70.0,698.0,86.0,86.6219802617
3.02666666667,0.0,-70.0,693.0,78.0,78.245842154
3.03333333333,0.0,-70.0,687.0,68.0,68.6111393256
3.04,0.0,-70.0,679.0,56.0,57.4859954875
3.04666666667,0.0,-70.0,670.0,43.0,44.6921826082
3.05333333333,0.0,51.0,660.0,28.0,31.5010935323
3.06,0.0,70.0,649.0,13.0,18.2250020616
3.06666666667,0.0,70.0,638.0,-3.0,4.95528132118
3.07333333333,0.0,70.0,628.0,-19.0,-8.89773093515
3.08,0.0,70.0,618.0,-33.0,-23.2166360763
3.08666666667,0.0,70.0,609.0,-46.0,-36.872738976
3.09333333333,0.0,70.0,601.0,-58.0,-49.5681868964
3.1,0.0,70.0,595.0,-68.0,-61.1308855474
3.10666666667,0.0,70.0,589.0,-78.0,-70.9794638342
3.11333333333,0.0,70.0,584.0,-85.0,-79.7608879639
3.12,0.0,70.0,581.0,-92.0,-86.468201115
3.12666666667,0.0,70.0,579.0,-97.0,-91.9360816147
3.13333333333,0.0,70.0,577.0,-100.0,-95.7905379268
3.14,0.0,70.0,577.0,-102.0,-97.7832646041
3.14666666667,0.0,70.0,577.0,-103.0,-98.2711568931
3.15333333333,0.0,70.0,578.0,-102.0,-97.529409697
3.16,0.0,70.0,580.0,-100.0,-95.2508968582
3.16666666667,0.0,70.0,584.0,-97.0,-91.7209307473
3.17333333333,0.0,70.0,588.0,-92.0,-87.1438216332
3.18,0.0,70.0,594.0,-86.0,-81.1500868123
3.18666666667,0.0,70.0,600.0,-79.0,-73.974835739
3.19333333333,0.0,70.0,607.0,-70.0,-65.7850696467
3.2,0.0,70.0,615.0,-61.0,-56.1858507658
3.20666666667,0.0,70.0,624.0,-50.0,-45.8995912525
3.21333333333,0.0,70.0,633.0,-39.0,-34.4238480091
3.22,0.0,70.0,643.0,-26.0,-22.3928260352
3.22666666667,0.0,70.0,654.0,-13.0,-9.23730933134
3.23333333333,0.0,70.0,666.0,1.0,4.45503226992
3.24,0.0,70.0,678.0,15.0,18.7798593626
3.24666666667,0.0,-70.0,690.0,30.0,32.2887200635
3.25333333333,0.0,-70.0,702.0,44.0,44.7399115033
3.26,0.0,-70.0,712.0,57.0,56.2461757109
3.26666666667,0.0,-70.0,721.0,68.0,66.8748393818
3.27333333333,0.0,-70.0,728.0,77.0,76.1559769006
3.28,0.0,-70.0,734.0,85.0,83.7543057742
3.28666666667,0.0,-70.0,739.0,90.0,89.9549413326
3.29333333333,0.0,-70.0,742.0,94.0,93.9726826862
3.3,0.0,-70.0,744.0,97.0,96.2821315842
3.30666666667,0.0,-70.0,744.0,97.0,97.2508383111
3.31333333333,0.0,-70.0,744.0,96.0,96.1356952483
3.32,0.0,-70.0,742.0,94.0,93.4248889718
3.32666666667,0.0,-70.0,738.0,89.0,89.4812605617
3.33333333333,0.0,-70.0,734.0,83.0,83.5467939437
3.34,0.0,-70.0,727.0,76.0,76.0904912915
3.34666666667,0.0,-70.0,720.0,67.0,67.4557030845
3.35333333333,0.0,-70.0,712.0,56.0,57.3698549929
3.36,0.0,-70.0,702.0,44.0,45.6262608014
3.36666666667,0.0,70.0,691.0,31.0,33.618795401
3.37333333333,0.0,70.0,679.0,16.0,22.076903593
3.38,0.0,70.0,667.0,2.0,9.73331561567
3.38666666667,0.0,70.0,654.0,-14.0,-2.76844079021
3.39333333333,0.0,70.0,644.0,-26.0,-16.4338598627
3.4,0.0,70.0,634.0,-38.0,-28.9154584461
3.40666666667,0.0,70.0,625.0,-49.0,-40.554842432
3.41333333333,0.0,70.0,618.0,-59.0,-51.1456484683
3.42,0.0,70.0,611.0,-67.0,-60.5796729469
3.42666666667,0.0,70.0,605.0,-74.0,-68.315914455
3.43333333333,0.0,70.0,600.0,-81.0,-74.5204036125
3.44,0.0,70.0,596.0,-85.0,-79.8619999645
3.44666666667,0.0,70.0,593.0,-88.0,-83.3233587719
3.45333333333,0.0,70.0,591.0,-90.0,-85.2081256656
3.46,0.0,70.0,591.0,-90.0,-85.7684075455
3.46666666667,0.0,70.0,591.0,-90.0,-84.6943524211
3.47333333333,0.0,70.0,591.0,-87.0,-82.7836922915
3.48,0.0,70.0,593.0,-84.0,-79.0920572264
3.48666666667,0.0,70.0,595.0,-79.0,-74.4577613811
3.49333333333,0.0,70.0,599.0,-73.0,-68.4754160868
3.5,0.0,70.0,604.0,-66.0,-61.3512187406
3.50666666667,0.0,70.0,609.0,-58.0,-53.2306752249
3.51333333333,0.0,70.0,615.0,-48.0,-44.2070400712
3.52,0.0,70.0,622.0,-38.0,-33.8293843588
3.52666666667,0.0,70.0,631.0,-26.0,-22.7809694156
3.53333333333,0.0,70.0,639.0,-15.0,-10.5345775529
3.54,0.0,70.0,648.0,-2.0,1.78620613589
3.54666666667,0.0,70.0,658.0,12.0,14.9145178572
3.55333333333,0.0,-1.0,668.0,26.0,28.3730744308
3.56,0.0,-70.0,678.0,40.0,40.9433114414
3.56666666667,0.0,-70.0,687.0,53.0,52.5413004955
3.57333333333,0.0,-70.0,696.0,65.0,63.2349537093
3.58,0.0,-70.0,703.0,75.0,73.060630018
3.58666666667,0.0,-70.0,709.0,84.0,81.529126682
3.59333333333,0.0,-70.0,713.0,91.0,88.7978322785
3.6,0.0,-70.0,716.0,96.0,94.4866894986
3.60666666667,0.0,-70.0,718.0,100.0,98.3399011681
3.61333333333,0.0,-70.0,718.0,101.0,100.706884894
3.62,0.0,-70.0,717.0,102.0,100.850474977
3.62666666667,0.0,-70.0,715.0,100.0,99.7811357132
3.63333333333,0.0,-70.0,711.0,97.0,96.7224581993
3.64,0.0,-70.0,707.0,92.0,92.1323235842
3.64666666667,0.0,-70.0,700.0,86.0,85.8456285116
3.65333333333,0.0,-70.0,693.0,78.0,78.2495777107
3.66,0.0,-70.0,684.0,69.0,69.1122759248
3.66666666667,0.0,-70.0,675.0,58.0,58.7640657069
3.67333333333,0.0,-70.0,664.0,46.0,46.9285358673
3.68,0.0,70.0,651.0,32.0,34.9390933727
3.68666666667,0.0,70.0,638.0,17.0,22.9742005506
3.69333333333,0.0,70.0,625.0,2.0,10.3927164171
3.7,0.0,70.0,612.0,-12.0,-2.71448809813
3.70666666667,0.0,70.0,600.0,-25.0,-15.7304221772
3.71333333333,0.0,70.0,589.0,-38.0,-28.196055147
3.72,0.0,70.0,580.0,-48.0,-40.3005617711
3.72666666667,0.0,70.0,571.0,-57.0,-50.6871930681
3.73333333333,0.0,70.0,564.0,-65.0,-59.4414307367
3.74,0.0,70.0,558.0,-72.0,-66.693401609
3.74666666667,0.0,70.0,552.0,-78.0,-72.5846026029
3.75333333333,0.0,70.0,548.0,-82.0,-77.2470492351
3.76,0.0,70.0,544.0,-84.0,-80.2892388311
3.76666666667,0.0,70.0,542.0,-86.0,-81.4534295548
3.77333333333,0.0,70.0,541.0,-86.0,-81.5957776839
3.78,0.0,70.0,540.0,-85.0,-80.3302310543
3.78666666667,0.0,70.0,540.0,-82.0,-77.8809777513
3.79333333333,0.0,70.0,542.0,-78.0,-73.9057827074
3.8,0.0,70.0,544.0,-73.0,-68.6682120161
3.80666666667,0.0,70.0,548.0,-66.0,-62.3611739969
3.81333333333,0.0,70.0,552.0,-59.0,-54.6111714204
3.82,0.0,70.0,557.0,-50.0,-46.1569748793
3.82666666667,0.0,70.0,563.0,-40.0,-36.5076372273
3.83333333333,0.0,70.0,570.0,-29.0,-25.80181136
3.84,0.0,70.0,578.0,-17.0,-14.1357795818
3.84666666667,0.0,70.0,586.0,-4.0,-1.56997847215
3.85333333333,0.0,70.0,595.0,10.0,11.8630644564
3.86,0.0,-58.0,605.0,23.0,25.2043796785
3.86666666667,0.0,-70.0,615.0,37.0,36.924869718
3.87333333333,0.0,-70.0,623.0,50.0,48.1566835676
3.88,0.0,-70.0,630.0,61.0,58.8095454672
3.88666666667,0.0,-70.0,636.0,70.0,68.2867808098
3.89333333333,0.0,-70.0,640.0,78.0,76.1589864694
3.9,0.0,-70.0,643.0,84.0,82.6470963474
3.90666666667,0.0,-70.0,644.0,89.0,87.4295333888
3.91333333333,0.0,-70.0,645.0,92.0,90.8021882877
3.92,0.0,-70.0,645.0,93.0,92.4905594642
3.92666666667,0.0,-70.0,643.0,94.0,92.3129811272
3.93333333333,0.0,-70.0,640.0,92.0,91.1689375281
3.94,0.0,-70.0,636.0,89.0,88.1886364415
3.94666666667,0.0,-70.0,630.0,84.0,83.7575974694
3.95333333333,0.0,-70.0,624.0,78.0,77.6589856173
3.96,0.0,-70.0,616.0,70.0,70.2463138906
3.96666666667,0.0,-70.0,607.0,62.0,61.268449793
3.97333333333,0.0,-70.0,597.0,51.0,51.5500636951
3.98,0.0,-70.0,586.0,40.0,40.151986446
3.98666666667,0.0,70.0,574.0,27.0,28.9396099218
3.99333333333,0.0,70.0,562.0,14.0,17.9685934526
4.0,0.0,70.0,550.0,2.0,7.00368118745
4.00666666667,0.0,70.0,539.0,-10.0,-3.59071411706
4.01333333333,0.0,70.0,529.0,-20.0,-14.0389050369
4.02,0.0,70.0,520.0,-30.0,-23.4831816412
4.02666666667,0.0,70.0,512.0,-38.0,-32.3269997688
4.03333333333,0.0,70.0,505.0,-45.0,-39.8699069693
4.04,0.0,70.0,499.0,-50.0,-46.1389024807
4.04666666667,0.0,70.0,495.0,-55.0,-50.6859744938
4.05333333333,0.0,70.0,491.0,-58.0,-54.2375788733
4.06,0.0,70.0,488.0,-60.0,-56.3283834215
4.06666666667,0.0,70.0,486.0,-60.0,-57.1419853704
4.07333333333,0.0,70.0,486.0,-60.0,-56.3229289916
4.08,0.0,70.0,486.0,-58.0,-54.6420186973
4.08666666667,0.0,70.0,487.0,-54.0,-51.6448821662
4.09333333333,0.0,70.0,489.0,-50.0,-47.0023440741
4.1,0.0,70.0,492.0,-44.0,-41.5022799507
4.10666666667,0.0,70.0,496.0,-37.0,-34.7000339588
4.11333333333,0.0,70.0,502.0,-28.0,-26.7735945092
4.12,0.0,70.0,508.0,-19.0,-17.3471143853
4.12666666667,0.0,70.0,515.0,-10.0,-7.16467385187
4.13333333333,0.0,70.0,522.0,1.0,3.24972481933
4.14,0.0,-70.0,530.0,13.0,13.531834615
4.14666666667,0.0,-70.0,539.0,25.0,23.2059358685
4.15333333333,0.0,-70.0,547.0,36.0,32.6988652136
4.16,0.0,-70.0,554.0,47.0,41.7787524347
4.16666666667,0.0,-70.0,560.0,56.0,50.7526022588
4.17333333333,0.0,-70.0,565.0,63.0,58.8066476397
4.18,0.0,-70.0,568.0,70.0,65.3547519866
4.18666666667,0.0,-70.0,571.0,74.0,71.0173879876
4.19333333333,0.0,-70.0,572.0,77.0,74.7513749283
4.2,0.0,-70.0,572.0,78.0,76.8507291849
4.20666666667,0.0,-70.0,571.0,78.0,77.0656824644
4.21333333333,0.0,-70.0,569.0,77.0,75.7549842122
4.22,0.0,-70.0,565.0,74.0,73.1974252426
4.22666666667,0.0,-70.0,560.0,70.0,69.0900920522
4.23333333333,0.0,-70.0,555.0,64.0,63.7223947648
4.24,0.0,-70.0,548.0,57.0,56.7993388321
4.24666666667,0.0,-70.0,540.0,49.0,48.6157679527
4.25333333333,0.0,-70.0,531.0,39.0,39.3829171815
4.26,0.0,-70.0,521.0,28.0,28.7359164502
4.26666666667,0.0,68.0,510.0,16.0,17.933050468
4.27333333333,0.0,70.0,498.0,4.0,7.62673261779
4.28,0.0,70.0,486.0,-9.0,-2.4787917287
4.28666666667,0.0,70.0,475.0,-21.0,-13.0974501286
4.29333333333,0.0,70.0,465.0,-32.0,-23.6901108879
4.3,0.0,70.0,456.0,-41.0,-33.8360764173
4.30666666667,0.0,70.0,448.0,-50.0,-42.7295064779
4.31333333333,0.0,70.0,442.0,-56.0,-50.8327577727
4.32,0.0,70.0,436.0,-62.0,-56.998805131
4.32666666667,0.0,70.0,431.0,-66.0,-61.9644559158
4.33333333333,0.0,70.0,427.0,-69.0,-65.2938410397
4.34,0.0,70.0,425.0,-71.0,-67.2078790411
4.34666666667,0.0,70.0,423.0,-71.0,-67.8916528286
4.35333333333,0.0,70.0,423.0,-70.0,-66.9851802563
4.36,0.0,70.0,423.0,-68.0,-64.748853503
4.36666666667,0.0,70.0,424.0,-64.0,-61.3813262068
4.37333333333,0.0,70.0,426.0,-59.0,-56.5194230897
4.38,0.0,70.0,430.0,-54.0,-50.4108671883
4.38666666667,0.0,70.0,434.0,-46.0,-43.7404042467
4.39333333333,0.0,70.0,439.0,-38.0,-35.4661178931
4.4,0.0,70.0,445.0,-28.0,-26.3490181982
4.40666666667,0.0,70.0,452.0,-18.0,-15.9271614314
4.41333333333,0.0,70.0,459.0,-6.0,-4.87173410872
4.42,0.0,-70.0,468.0,6.0,6.32057193485
4.42666666667,0.0,-70.0,476.0,18.0,16.5625296416
4.43333333333,0.0,-70.0,485.0,31.0,26.3573586797
4.44,0.0,-70.0,493.0,43.0,36.5542553968
4.44666666667,0.0,-70.0,499.0,52.0,46.7062298962
4.45333333333,0.0,-70.0,504.0,61.0,55.4431027158
4.46,0.0,-70.0,508.0,68.0,63.310725656
4.46666666667,0.0,-70.0,511.0,73.0,69.7230298342
4.47333333333,0.0,-70.0,513.0,77.0,74.2889855762
4.48,0.0,-70.0,514.0,80.0,77.2798380408
4.48666666667,0.0,-70.0,513.0,80.0,78.9284623501
4.49333333333,0.0,-70.0,511.0,80.0,78.412839466
4.5,0.0,-70.0,508.0,78.0,76.6869098315
4.50666666667,0.0,-70.0,504.0,75.0,73.4437263329
4.51333333333,0.0,-70.0,499.0,70.0,68.966562172
4.52,0.0,-70.0,492.0,64.0,62.9537494716
4.52666666667,0.0,-70.0,485.0,57.0,55.6939043312
4.53333333333,0.0,-70.0,476.0,48.0,47.3930061031
4.54,0.0,-70.0,467.0,38.0,37.6820989521
4.54666666667,0.0,-70.0,456.0,27.0,26.7960969438
4.55333333333,0.0,-66.0,445.0,14.0,14.9309908951
4.56,0.0,70.0,432.0,2.0,2.71035121853
4.56666666667,0.0,70.0,420.0,-11.0,-8.20527617568
4.57333333333,0.0,70.0,408.0,-24.0,-18.8926711438
4.58,0.0,70.0,398.0,-35.0,-29.6135896971
4.58666666667,0.0,70.0,388.0,-45.0,-39.5116872862
4.59333333333,0.0,70.0,380.0,-53.0,-48.4675552576
4.6,0.0,70.0,372.0,-61.0,-55.9090864047
4.60666666667,0.0,70.0,367.0,-66.0,-62.465939879
4.61333333333,0.0,70.0,362.0,-70.0,-67.10022219
4.62,0.0,70.0,358.0,-74.0,-70.1083382597
4.62666666667,0.0,70.0,355.0,-75.0,-72.246670889
4.63333333333,0.0,70.0,353.0,-75.0,-72.5502140368
4.64,0.0,70.0,352.0,-74.0,-71.3482970365
4.64666666667,0.0,70.0,352.0,-72.0,-68.9001165893
4.65333333333,0.0,70.0,353.0,-68.0,-65.3940511966
4.66,0.0,70.0,356.0,-62.0,-60.4524903132
4.66666666667,0.0,70.0,359.0,-56.0,-53.8050574582
4.67333333333,0.0,70.0,364.0,-48.0,-46.2811508549
4.68,0.0,70.0,370.0,-39.0,-37.4627408583
4.68666666667,0.0,70.0,376.0,-29.0,-27.5426478107
4.69333333333,0.0,70.0,383.0,-18.0,-16.6541050245
4.7,0.0,4.0,391.0,-6.0,-5.36818941061
4.70666666667,0.0,-70.0,399.0,7.0,5.49935117058
4.71333333333,0.0,-70.0,408.0,19.0,16.1176083391
4.72,0.0,-70.0,415.0,31.0,26.2609954325
4.72666666667,0.0,-70.0,422.0,42.0,36.247287286
4.73333333333,0.0,-70.0,427.0,51.0,45.7777596045
4.74,0.0,-70.0,432.0,58.0,54.1192710664
4.74666666667,0.0,-70.0,435.0,65.0,60.7638649677
4.75333333333,0.0,-70.0,437.0,70.0,66.3998140581
4.76,0.0,-70.0,438.0,73.0,70.5407537128
4.76666666667,0.0,-70.0,438.0,75.0,72.8588572291
4.77333333333,0.0,-70.0,436.0,75.0,73.6598989376
4.78,0.0,-70.0,434.0,75.0,72.6876179506
4.78666666667,0.0,-70.0,430.0,73.0,70.7871623912
4.79333333333,0.0,-70.0,426.0,69.0,67.5553968652
4.8,0.0,-70.0,420.0,64.0,62.6949442571
4.80666666667,0.0,-70.0,413.0,58.0,56.507547686
4.81333333333,0.0,-70.0,405.0,50.0,49.2160020208
4.82,0.0,-70.0,396.0,42.0,40.4684085593
4.82666666667,0.0,-70.0,387.0,32.0,31.017797838
4.83333333333,0.0,-70.0,376.0,21.0,20.3815413899
4.84,0.0,-21.0,364.0,10.0,9.06449941767
4.84666666667,0.0,70.0,352.0,-3.0,-1.49381905586
4.85333333333,0.0,70.0,340.0,-15.0,-11.9104929514
4.86,0.0,70.0,328.0,-27.0,-21.9398769975
4.86666666667,0.0,70.0,317.0,-38.0,-31.8779452493
4.87333333333,0.0,70.0,307.0,-48.0,-41.4056424731
4.88,0.0,70.0,299.0,-56.0,-50.2755564523
4.88666666667,0.0,70.0,291.0,-63.0,-57.8078180958
4.89333333333,0.0,70.0,284.0,-69.0,-64.0456747197
4.9,0.0,70.0,279.0,-73.0,-69.0558276755
4.90666666667,0.0,70.0,275.0,-76.0,-72.4082848199
4.91333333333,0.0,70.0,272.0,-77.0,-74.3298512168
4.92,0.0,70.0,270.0,-77.0,-74.5079578822
4.92666666667,0.0,70.0,269.0,-76.0,-73.2483287389
4.93333333333,0.0,70.0,269.0,-73.0,-70.7885385127
4.94,0.0,70.0,270.0,-69.0,-66.7961116449
4.94666666667,0.0,70.0,272.0,-64.0,-61.5411258898
4.95333333333,0.0,70.0,275.0,-57.0,-55.2203477603
4.96,0.0,70.0,279.0,-49.0,-47.4621375436
4.96666666667,0.0,70.0,284.0,-40.0,-38.5028642745
4.97333333333,0.0,70.0,290.0,-30.0,-28.5126567967
4.98,0.0,70.0,296.0,-18.0,-17.6033201389
4.98666666667,0.0,-39.0,304.0,-6.0,-6.14278781847
4.99333333333,0.0,-70.0,312.0,7.0,4.57772339892
5.0,0.0,-70.0,321.0,20.0,15.1945392289
5.00666666667,0.0,-70.0,329.0,32.0,25.925296026
5.01333333333,0.0,-70.0,336.0,44.0,36.3814102642
5.02,0.0,-70.0,342.0,53.0,46.7619392868
5.02666666667,0.0,-70.0,346.0,62.0,55.6832991448
5.03333333333,0.0,-70.0,349.0,68.0,63.6885030171
5.04,0.0,-70.0,351.0,74.0,69.6923061081
5.04666666667,0.0,-70.0,352.0,77.0,74.4751374723
5.05333333333,0.0,-70.0,352.0,80.0,77.1262188168
5.06,0.0,-70.0,350.0,80.0,78.543506042
5.06666666667,0.0,-70.0,347.0,80.0,77.8868524547
5.07333333333,0.0,-70.0,343.0,78.0,76.0892167235
5.08,0.0,-70.0,338.0,74.0,72.8233927499
5.08666666667,0.0,-70.0,332.0,70.0,67.8522659301
5.09333333333,0.0,-70.0,325.0,63.0,62.0246134686
5.1,0.0,-70.0,317.0,56.0,54.4285344585
5.10666666667,0.0,-70.0,308.0,47.0,45.920191705
5.11333333333,0.0,-70.0,298.0,38.0,36.1014216456
5.12,0.0,-70.0,287.0,27.0,25.6814578468
5.12666666667,0.0,-70.0,275.0,15.0,14.1403371306
5.13333333333,0.0,70.0,263.0,2.0,2.62655239238
5.14,0.0,70.0,249.0,-11.0,-8.30786913175
5.14666666667,0.0,70.0,236.0,-25.0,-19.0416418347
5.15333333333,0.0,70.0,223.0,-38.0,-30.3225792747
5.16,0.0,70.0,212.0,-48.0,-41.627490257
5.16666666667,0.0,70.0,202.0,-58.0,-51.5335051222
5.17333333333,0.0,70.0,192.0,-66.0,-60.5536257364
5.18,0.0,70.0,184.0,-74.0,-68.0843470578
5.18666666667,0.0,70.0,178.0,-79.0,-74.7339945024
5.19333333333,0.0,70.0,172.0,-83.0,-79.4516952668
5.2,0.0,70.0,168.0,-86.0,-82.5272691126
5.20666666667,0.0,70.0,164.0,-87.0,-84.2121536859
5.21333333333,0.0,70.0,162.0,-87.0,-84.2036330756
5.22,0.0,70.0,161.0,-86.0,-82.807472479
5.22666666667,0.0,70.0,160.0,-83.0,-80.2555175944
5.23333333333,0.0,70.0,161.0,-78.0,-76.206828475
5.24,0.0,70.0,163.0,-73.0,-70.4195085945
5.24666666667,0.0,70.0,166.0,-65.0,-63.7433631879
5.25333333333,0.0,70.0,170.0,-57.0,-55.2708184273
5.26,0.0,70.0,175.0,-47.0,-45.8638103837
5.26666666667,0.0,70.0,180.0,-37.0,-35.1301407088
5.27333333333,0.0,70.0,187.0,-25.0,-23.7844411298
5.28,0.0,70.0,195.0,-12.0,-11.3111984061
5.28666666667,0.0,-70.0,204.0,2.0,1.13770839406
5.29333333333,0.0,-70.0,213.0,17.0,13.0078758615
5.3,0.0,-70.0,222.0,31.0,25.1793759529
5.30666666667,0.0,-70.0,231.0,45.0,37.2348396155
5.31333333333,0.0,-70.0,238.0,57.0,49.3381901733
5.32,0.0,-70.0,244.0,67.0,60.5738637587
5.32666666667,0.0,-70.0,248.0,76.0,70.2898236172
5.33333333333,0.0,-70.0,252.0,84.0,78.5663960314
5.34,0.0,-70.0,254.0,90.0,85.5085489906
5.34666666667,0.0,-70.0,255.0,94.0,90.7208731324
5.35333333333,0.0,-70.0,255.0,97.0,93.955760334
5.36,0.0,-70.0,254.0,98.0,95.5837164704
5.36666666667,0.0,-70.0,251.0,98.0,95.3967051751
5.37333333333,0.0,-70.0,248.0,96.0,93.7700099907
5.38,0.0,-70.0,243.0,93.0,90.4793869875
5.38666666667,0.0,-70.0,237.0,88.0,85.8734417669
5.39333333333,0.0,-70.0,231.0,83.0,79.6981585426
5.4,0.0,-70.0,223.0,75.0,72.7768364855
5.40666666667,0.0,-70.0,214.0,67.0,64.1699735406
5.41333333333,0.0,-70.0,204.0,57.0,54.7080435117
5.42,0.0,-70.0,192.0,46.0,43.9712584986
5.42666666667,0.0,-70.0,182.0,34.0,32.1492214946
5.43333333333,0.0,-70.0,168.0,21.0,19.3714640779
5.44,0.0,-70.0,155.0,7.0,5.7174699158
5.44666666667,0.0,70.0,141.0,-8.0,-7.73648185594
5.45333333333,0.0,70.0,126.0,-24.0,-20.5004546464
5.46,0.0,70.0,112.0,-39.0,-33.5050687597
5.46666666667,0.0,70.0,97.0,-54.0,-46.3695403102
5.47333333333,0.0,70.0,86.0,-65.0,-59.2819855072
5.48,0.0,70.0,75.0,-76.0,-70.3352399981
5.48666666667,0.0,70.0,64.0,-86.0,-80.2068342231
5.49333333333,0.0,70.0,56.0,-94.0,-88.9265628105
5.5,0.0,70.0,49.0,-101.0,-96.0338737231
5.50666666667,0.0,70.0,43.0,-106.0,-101.732227757
5.51333333333,0.0,70.0,38.0,-109.0,-105.692612535
5.52,0.0,70.0,34.0,-111.0,-107.707364375
5.52666666667,0.0,70.0,31.0,-112.0,-108.166822936
5.53333333333,0.0,70.0,29.0,-111.0,-107.371572834
5.54,0.0,70.0,28.0,-108.0,-105.032240444
5.54666666667,0.0,70.0,28.0,-104.0,-100.942501558
5.55333333333,0.0,70.0,30.0,-98.0,-95.4713909409
5.56,0.0,70.0,33.0,-91.0,-88.3844624871
5.56666666667,0.0,70.0,37.0,-82.0,-80.0189733233
5.57333333333,0.0,70.0,42.0,-72.0,-70.11019349
5.58,0.0,70.0,48.0,-60.0,-58.9694451651
5.58666666667,0.0,70.0,56.0,-48.0,-46.3115926176
5.59333333333,0.0,70.0,64.0,-34.0,-32.9360133506
5.6,0.0,70.0,74.0,-18.0,-18.3891373713
5.60666666667,0.0,-54.0,84.0,-2.0,-3.24312483787
5.61333333333,0.0,-70.0,95.0,15.0,11.1975520535
5.62,0.0,-70.0,105.0,32.0,25.6665817383
5.62666666667,0.0,-70.0,115.0,48.0,40.312754667
5.63333333333,0.0,-70.0,124.0,62.0,54.6996123276
5.64,0.0,-70.0,131.0,74.0,67.9903851024
5.64666666667,0.0,-70.0,138.0,86.0,79.6053709729
5.65333333333,0.0,-70.0,143.0,95.0,90.1880272785
5.66,0.0,-70.0,146.0,103.0,98.7252421969
5.66666666667,0.0,-70.0,148.0,110.0,105.541812558
5.67333333333,0.0,-70.0,150.0,115.0,110.918506819
5.68,0.0,-70.0,151.0,118.0,114.575257512
5.68666666667,0.0,-70.0,150.0,120.0,116.331080634
5.69333333333,0.0,-70.0,148.0,121.0,116.586860164
5.7,0.0,-70.0,146.0,120.0,115.643037406
5.70666666667,0.0,-70.0,142.0,118.0,113.20383155
5.71333333333,0.0,-70.0,137.0,114.0,109.556434191
5.72,0.0,-70.0,131.0,109.0,104.398386743
5.72666666667,0.0,-70.0,124.0,102.0,98.0148360298
5.73333333333,0.0,-70.0,116.0,94.0,90.1042423306
5.74,0.0,-70.0,107.0,84.0,80.954314961
5.74666666667,0.0,-70.0,97.0,73.0,70.2667565846
5.75333333333,0.0,-70.0,86.0,61.0,58.3325546615
5.76,0.0,-70.0,74.0,47.0,45.3592139505
5.76666666667,0.0,-70.0,60.0,33.0,30.9786447944
5.77333333333,0.0,-70.0,46.0,17.0,15.9290241032
5.78,0.0,-47.0,31.0,1.0,-0.114557828479
5.78666666667,0.0,70.0,16.0,-16.0,-15.5727886676
5.79333333333,0.0,70.0,0.0,-34.0,-30.2682365545
5.8,0.0,70.0,-14.0,-49.0,-45.1535320202
5.80666666667,0.0,70.0,-27.0,-63.0,-58.8607888379
5.81333333333,0.0,70.0,-38.0,-76.0,-71.406984932
5.82,0.0,70.0,-49.0,-88.0,-82.8278564275
5.82666666667,0.0,70.0,-58.0,-97.0,-93.1660821582
5.83333333333,0.0,70.0,-66.0,-106.0,-101.457807329
5.84,0.0,70.0,-73.0,-112.0,-108.559756631
5.84666666667,0.0,70.0,-78.0,-117.0,-113.602214663
5.85333333333,0.0,70.0,-82.0,-121.0,-116.995921719
5.86,0.0,70.0,-86.0,-122.0,-119.064005592
5.86666666667,0.0,70.0,-88.0,-123.0,-119.035438214
5.87333333333,0.0,70.0,-89.0,-122.0,-117.886245217
5.88,0.0,70.0,-89.0,-120.0,-115.312050736
5.88666666667,0.0,70.0,-89.0,-116.0,-111.58693631
5.89333333333,0.0,70.0,-87.0,-110.0,-106.394179749
5.9,0.0,70.0,-84.0,-103.0,-99.502747132
5.90666666667,0.0,70.0,-80.0,-94.0,-91.2613479906
5.91333333333,0.0,70.0,-74.0,-85.0,-81.4201196901
5.92,0.0,70.0,-68.0,-74.0,-70.80842891
5.92666666667,0.0,70.0,-61.0,-61.0,-58.9961527545
5.93333333333,0.0,70.0,-52.0,-47.0,-45.6554506656
5.94,0.0,70.0,-42.0,-31.0,-31.0590662977
5.94666666667,0.0,70.0,-32.0,-15.0,-14.9021234533
5.95333333333,0.0,-70.0,-19.0,4.0,0.987177260121
5.96,0.0,-70.0,-8.0,20.0,17.0870107533
5.96666666667,0.0,-70.0,4.0,38.0,31.9891651194
5.97333333333,0.0,-70.0,15.0,55.0,47.1978163572
5.98,0.0,-70.0,25.0,70.0,62.2650293113
5.98666666667,0.0,-70.0,34.0,85.0,76.3337511819
5.99333333333,0.0,-70.0,41.0,96.0,89.8068811629
6.0,0.0,-70.0,47.0,106.0,100.977007453
6.00666666667,0.0,-70.0,51.0,115.0,110.186861928
6.01333333333,0.0,-70.0,55.0,122.0,117.755076331
6.02,0.0,-70.0,57.0,128.0,123.446821194
6.02666666667,0.0,-70.0,59.0,132.0,127.628375681
6.03333333333,0.0,-70.0,59.0,135.0,130.077960367
6.04,0.0,-70.0,59.0,136.0,131.153088738
6.04666666667,0.0,-70.0,57.0,136.0,130.611406201
6.05333333333,0.0,-70.0,54.0,134.0,128.785272332
6.06,0.0,-70.0,51.0,130.0,125.407372596
6.06666666667,0.0,-70.0,46.0,126.0,120.285212128
6.07333333333,0.0,-70.0,40.0,119.0,114.298110743
6.08,0.0,-70.0,33.0,111.0,106.552945263
6.08666666667,0.0,-70.0,25.0,102.0,97.412724939
6.09333333333,0.0,-70.0,16.0,91.0,87.1440448995
6.1,0.0,-70.0,6.0,79.0,75.423541212
6.10666666667,0.0,-70.0,-5.0,66.0,62.5176819393
6.11333333333,0.0,-70.0,-17.0,51.0,48.6125811521
6.12,0.0,-70.0,-31.0,35.0,33.3230463046
6.12666666667,0.0,-70.0,-45.0,18.0,16.8717590273
6.13333333333,0.0,-70.0,-60.0,1.0,-0.583333258604
6.14,0.0,70.0,-76.0,-18.0,-17.4022121334
6.14666666667,0.0,70.0,-92.0,-37.0,-33.7128410148
6.15333333333,0.0,70.0,-107.0,-55.0,-49.8885470018
6.16,0.0,70.0,-121.0,-72.0,-65.6604140438
6.16666666667,0.0,70.0,-134.0,-87.0,-80.809425307
6.17333333333,0.0,70.0,-146.0,-101.0,-94.6680649073
6.18,0.0,70.0,-156.0,-113.0,-107.28107672
6.18666666667,0.0,70.0,-165.0,-123.0,-118.207220279
6.19333333333,0.0,70.0,-172.0,-132.0,-127.166742094
6.2,0.0,70.0,-179.0,-139.0,-134.509707454
6.20666666667,0.0,70.0,-184.0,-145.0,-140.016841386
6.21333333333,0.0,70.0,-188.0,-148.0,-144.058867603
6.22,0.0,70.0,-191.0,-150.0,-145.908543724
6.22666666667,0.0,70.0,-193.0,-151.0,-146.075558332
6.23333333333,0.0,70.0,-193.0,-151.0,-144.945100814
6.24,0.0,70.0,-193.0,-148.0,-142.785179582
6.24666666667,0.0,70.0,-192.0,-144.0,-138.758586839
6.25333333333,0.0,70.0,-190.0,-138.0,-133.273378331
6.26,0.0,70.0,-186.0,-131.0,-126.126776034
6.26666666667,0.0,70.0,-181.0,-122.0,-117.679762677
6.27333333333,0.0,70.0,-176.0,-112.0,-107.683953441
6.28,0.0,70.0,-169.0,-100.0,-96.4608096494
6.28666666667,0.0,70.0,-161.0,-87.0,-83.7305287402
6.29333333333,0.0,70.0,-151.0,-72.0,-69.7915169778
6.3,0.0,70.0,-140.0,-55.0,-54.3484750387
6.30666666667,0.0,70.0,-129.0,-38.0,-37.1876626114
6.31333333333,0.0,70.0,-116.0,-19.0,-19.1735753091
6.32,0.0,-43.0,-102.0,1.0,-0.742211751375
6.32666666667,0.0,-70.0,-88.0,21.0,17.3230965851
6.33333333333,0.0,-70.0,-74.0,42.0,35.0437377318
6.34,0.0,-70.0,-63.0,58.0,53.1731164314
6.34666666667,0.0,-70.0,-52.0,75.0,69.1953593635
6.35333333333,0.0,-70.0,-42.0,90.0,84.3578983827
6.36,0.0,-70.0,-34.0,104.0,98.0889415642
6.36666666667,0.0,-70.0,-27.0,116.0,110.50562087
6.37333333333,0.0,-70.0,-21.0,126.0,121.21709104
6.38,0.0,-70.0,-16.0,134.0,129.975305707
6.38666666667,0.0,-70.0,-13.0,141.0,136.644557988
6.39333333333,0.0,-70.0,-10.0,147.0,141.673607646
6.4,0.0,-70.0,-9.0,150.0,145.406810669
6.40666666667,0.0,-70.0,-9.0,153.0,147.082067395
6.41333333333,0.0,-70.0,-9.0,154.0,147.67607835
6.42,0.0,-70.0,-10.0,153.0,146.88021086
6.42666666667,0.0,-70.0,-13.0,151.0,144.459003257
6.43333333333,0.0,-70.0,-17.0,147.0,140.749876579
6.44,0.0,-70.0,-21.0,142.0,135.488927739
6.44666666667,0.0,-70.0,-26.0,135.0,128.988589473
6.45333333333,0.0,-70.0,-33.0,127.0,120.964865048
6.46,0.0,-70.0,-41.0,118.0,111.715275389
6.46666666667,0.0,-70.0,-49.0,106.0,101.448540623
6.47333333333,0.0,-70.0,-59.0,94.0,89.2916450016
6.48,0.0,-70.0,-70.0,80.0,76.1376222986
6.48666666667,0.0,-70.0,-82.0,65.0,61.6197917728
6.49333333333,0.0,-70.0,-95.0,48.0,45.96924441
6.5,0.0,-70.0,-109.0,30.0,28.8425657252
6.50666666667,0.0,-70.0,-124.0,11.0,10.497561819
6.51333333333,0.0,-29.0,-140.0,-8.0,-8.57744466923
6.52,0.0,70.0,-156.0,-28.0,-26.8867428412
6.52666666667,0.0,70.0,-172.0,-48.0,-44.4536622342
6.53333333333,0.0,70.0,-187.0,-66.0,-61.7105219109
6.54,0.0,70.0,-201.0,-84.0,-77.9401668396
6.54666666667,0.0,70.0,-213.0,-99.0,-93.6308749097
6.55333333333,0.0,70.0,-224.0,-113.0,-107.62167338
6.56,0.0,70.0,-233.0,-125.0,-120.110696915
6.56666666667,0.0,70.0,-240.0,-135.0,-130.776111491
6.57333333333,0.0,70.0,-247.0,-143.0,-139.423941819
6.58,0.0,70.0,-253.0,-150.0,-145.957588081
6.58666666667,0.0,70.0,-257.0,-155.0,-150.851650715
6.59333333333,0.0,70.0,-260.0,-159.0,-153.962704181
6.6,0.0,70.0,-262.0,-161.0,-155.700041561
6.60666666667,0.0,70.0,-263.0,-162.0,-155.851547143
6.61333333333,0.0,70.0,-264.0,-161.0,-154.763700471
6.62,0.0,70.0,-263.0,-158.0,-152.172217854
6.62666666667,0.0,70.0,-261.0,-154.0,-147.880770227
6.63333333333,0.0,70.0,-258.0,-148.0,-142.258374805
6.64,0.0,70.0,-254.0,-141.0,-135.064686931
6.64666666667,0.0,70.0,-249.0,-132.0,-126.628284777
6.65333333333,0.0,70.0,-242.0,-122.0,-116.675119077
6.66,0.0,70.0,-234.0,-110.0,-105.507883151
6.66666666667,0.0,70.0,-225.0,-96.0,-92.8342059059
6.67333333333,0.0,70.0,-216.0,-81.0,-78.4421350299
6.68,0.0,70.0,-204.0,-63.0,-62.6942019821
6.68666666667,0.0,70.0,-192.0,-46.0,-44.8468427935
6.69333333333,0.0,70.0,-178.0,-26.0,-26.3963063666
6.7,0.0,70.0,-163.0,-6.0,-6.38621177884
6.70666666667,0.0,-70.0,-148.0,16.0,13.3414781058
6.71333333333,0.0,-70.0,-132.0,38.0,32.7554849453
6.72,0.0,-70.0,-116.0,59.0,52.1131947619
6.72666666667,0.0,-70.0,-101.0,79.0,71.0684496822
6.73333333333,0.0,-70.0,-88.0,97.0,89.3565598471
6.74,0.0,-70.0,-77.0,114.0,106.288104156
6.74666666667,0.0,-70.0,-67.0,129.0,121.902386364
6.75333333333,0.0,-70.0,-58.0,142.0,135.763016377
6.76,0.0,-70.0,-51.0,153.0,147.60057616
6.76666666667,0.0,-70.0,-45.0,162.0,157.27462952
6.77333333333,0.0,-70.0,-40.0,171.0,164.736649537
6.78,0.0,-70.0,-36.0,177.0,171.003467351
6.78666666667,0.0,-70.0,-33.0,182.0,175.29991668
6.79333333333,0.0,-70.0,-31.0,185.0,178.081949449
6.8,0.0,-70.0,-30.0,187.0,179.180871451
6.80666666667,0.0,-70.0,-29.0,187.0,178.97971257
6.81333333333,0.0,-70.0,-30.0,186.0,177.242518879
6.82,0.0,-70.0,-32.0,183.0,174.296088716
6.82666666667,0.0,-70.0,-34.0,178.0,169.861156444
6.83333333333,0.0,-70.0,-38.0,173.0,163.730891422
6.84,0.0,-70.0,-42.0,165.0,156.770519354
6.84666666667,0.0,-70.0,-48.0,156.0,148.074580267
6.85333333333,0.0,-70.0,-55.0,145.0,137.996193562
6.86,0.0,-70.0,-63.0,133.0,126.291765953
6.86666666667,0.0,-70.0,-72.0,119.0,113.294443885
6.87333333333,0.0,-70.0,-82.0,104.0,98.7388294353
6.88,0.0,-70.0,-93.0,87.0,82.9376891219
6.88666666667,0.0,-70.0,-106.0,69.0,65.6084203629
6.89333333333,0.0,-70.0,-120.0,49.0,47.0504257177
6.9,0.0,-70.0,-136.0,26.0,26.971531025
6.90666666667,0.0,-70.0,-151.0,6.0,4.65915573035
6.91333333333,0.0,-70.0,-168.0,-16.0,-17.3508731489
6.92,0.0,70.0,-184.0,-39.0,-38.7623959282
6.92666666667,0.0,70.0,-200.0,-62.0,-59.1925457615
6.93333333333,0.0,70.0,-215.0,-82.0,-79.164917664
6.94,0.0,70.0,-228.0,-102.0,-97.5298591366
6.94666666667,0.0,70.0,-240.0,-118.0,-114.984287171
6.95333333333,0.0,70.0,-250.0,-134.0,-130.029332632
6.96,0.0,70.0,-258.0,-147.0,-143.645047175
6.96666666667,0.0,70.0,-266.0,-158.0,-155.061233916
6.97333333333,0.0,70.0,-272.0,-168.0,-164.259890282
6.98,0.0,70.0,-276.0,-177.0,-171.773461569
6.98666666667,0.0,70.0,-280.0,-183.0,-178.000419586
6.99333333333,0.0,70.0,-283.0,-188.0,-182.209207524
7.0,0.0,70.0,-284.0,-191.0,-184.886845236
7.00666666667,0.0,70.0,-285.0,-193.0,-185.884783091
7.01333333333,0.0,70.0,-285.0,-194.0,-185.59747256
7.02,0.0,70.0,-284.0,-192.0,-184.296819925
7.02666666667,0.0,70.0,-281.0,-189.0,-181.145915436
7.03333333333,0.0,70.0,-278.0,-185.0,-176.550961661
7.04,0.0,70.0,-274.0,-178.0,-170.809144337
7.04666666667,0.0,70.0,-268.0,-171.0,-163.113903482
7.05333333333,0.0,70.0,-262.0,-162.0,-154.404182333
7.06,0.0,70.0,-255.0,-151.0,-144.341873558
7.06666666667,0.0,70.0,-246.0,-138.0,-132.670304134
7.07333333333,0.0,70.0,-236.0,-123.0,-119.210119512
7.08,0.0,70.0,-225.0,-109.0,-103.848025775
7.08666666667,0.0,70.0,-212.0,-91.0,-88.0312351544
7.09333333333,0.0,70.0,-198.0,-72.0,-70.2544269375
7.1,0.0,70.0,-183.0,-52.0,-50.9410103712
7.10666666667,0.0,70.0,-166.0,-30.0,-30.409790607
7.11333333333,0.0,70.0,-149.0,-7.0,-8.37885539621
7.12,0.0,-70.0,-130.0,16.0,13.8196863779
7.12666666667,0.0,-70.0,-112.0,40.0,35.0002840769
7.13333333333,0.0,-70.0,-94.0,64.0,56.1185165393
7.14,0.0,-70.0,-77.0,86.0,77.3454389933
7.14666666667,0.0,-70.0,-61.0,106.0,97.762277259
7.15333333333,0.0,-70.0,-48.0,125.0,116.7080499
7.16,0.0,-70.0,-36.0,141.0,134.251767941
7.16666666667,0.0,-70.0,-25.0,156.0,149.481219833
7.17333333333,0.0,-70.0,-16.0,169.0,162.810852597
7.18,0.0,-70.0,-8.0,180.0,174.091332226
7.18666666667,0.0,-70.0,-1.0,190.0,183.255704947
7.19333333333,0.0,-70.0,4.0,198.0,190.796007716
7.2,0.0,-70.0,10.0,204.0,196.577075558
7.20666666667,0.0,-70.0,13.0,209.0,200.507247585
7.21333333333,0.0,-70.0,16.0,212.0,203.033847494
7.22,0.0,-70.0,18.0,214.0,203.970367836
7.22666666667,0.0,-70.0,19.0,214.0,203.678665792
7.23333333333,0.0,-70.0,19.0,212.0,201.90206282
7.24,0.0,-70.0,18.0,209.0,198.446396072
7.24666666667,0.0,-70.0,16.0,205.0,193.67940345
7.25333333333,0.0,-70.0,14.0,198.0,187.860451811
7.26,0.0,-70.0,10.0,191.0,180.149867895
7.26666666667,0.0,-70.0,6.0,182.0,171.460034689
7.27333333333,0.0,-70.0,0.0,170.0,161.433173702
7.28,0.0,-70.0,-7.0,158.0,149.296368475
7.28666666667,0.0,-70.0,-15.0,144.0,136.02647006
7.29333333333,0.0,-70.0,-24.0,128.0,121.321460804
7.3,0.0,-70.0,-34.0,110.0,104.955572872
7.30666666667,0.0,-70.0,-46.0,91.0,86.7737871719
7.31333333333,0.0,-70.0,-60.0,70.0,67.1833837458
7.32,0.0,-70.0,-74.0,48.0,45.9761494104
7.32666666667,0.0,-70.0,-90.0,24.0,23.5055511769
7.33333333333,0.0,-70.0,-106.0,0.0,-0.484638844007
7.34,0.0,-70.0,-124.0,-25.0,-25.1771914598
7.34666666667,0.0,70.0,-141.0,-51.0,-49.4782379662
7.35333333333,0.0,70.0,-158.0,-75.0,-72.9088768303
7.36,0.0,70.0,-173.0,-98.0,-94.917683074
7.36666666667,0.0,70.0,-186.0,-119.0,-115.632318477
7.37333333333,0.0,70.0,-198.0,-138.0,-134.665460341
7.38,0.0,70.0,-208.0,-155.0,-151.768042194
7.38666666667,0.0,70.0,-216.0,-170.0,-166.80076239
7.39333333333,0.0,70.0,-224.0,-183.0,-179.704791544
7.4,0.0,70.0,-229.0,-194.0,-190.47535973
7.40666666667,0.0,70.0,-234.0,-204.0,-199.140057069
7.41333333333,0.0,70.0,-237.0,-212.0,-206.245256932
7.42,0.0,70.0,-240.0,-218.0,-211.680288615
7.42666666667,0.0,70.0,-242.0,-223.0,-215.357647814
7.43333333333,0.0,70.0,-242.0,-227.0,-217.71638855
7.44,0.0,70.0,-242.0,-228.0,-219.058248643
7.44666666667,0.0,70.0,-242.0,-229.0,-218.564050866
7.45333333333,0.0,70.0,-240.0,-228.0,-217.151456257
7.46,0.0,70.0,-237.0,-225.0,-214.458399029
7.46666666667,0.0,70.0,-234.0,-220.0,-210.205396859
7.47333333333,0.0,70.0,-229.0,-214.0,-204.193551645
7.48,0.0,70.0,-224.0,-207.0,-196.797032881
7.48666666667,0.0,70.0,-217.0,-198.0,-188.287472857
7.49333333333,0.0,70.0,-210.0,-187.0,-178.342367237
7.5,0.0,70.0,-201.0,-175.0,-166.723616395
7.50666666667,0.0,70.0,-192.0,-161.0,-153.772931581
7.51333333333,0.0,70.0,-180.0,-144.0,-139.234305402
7.52,0.0,70.0,-168.0,-128.0,-122.42356499
7.52666666667,0.0,70.0,-154.0,-110.0,-104.891381593
7.53333333333,0.0,70.0,-138.0,-89.0,-86.2295214561
7.54,0.0,70.0,-121.0,-67.0,-65.6122249473
7.54666666667,0.0,70.0,-104.0,-43.0,-43.4652911985
7.55333333333,0.0,70.0,-84.0,-18.0,-19.6053983909
7.56,0.0,-62.0,-64.0,7.0,4.61212015456
7.56666666667,0.0,-70.0,-42.0,34.0,27.9063264227
7.57333333333,0.0,-70.0,-22.0,60.0,51.6104413468
7.58,0.0,-70.0,-4.0,84.0,75.2229665057
7.58666666667,0.0,-70.0,14.0,106.0,97.8492936022
7.59333333333,0.0,-70.0,29.0,127.0,118.862705154
7.6,0.0,-70.0,43.0,145.0,138.368485967
7.60666666667,0.0,-70.0,55.0,162.0,155.487725324
7.61333333333,0.0,-70.0,65.0,177.0,170.662610174
7.62,0.0,-70.0,74.0,190.0,183.765100866
7.62666666667,0.0,-70.0,82.0,201.0,194.74330986
7.63333333333,0.0,-70.0,89.0,210.0,203.596081575
7.64,0.0,-70.0,95.0,219.0,210.352256872
7.64666666667,0.0,-70.0,99.0,224.0,216.060803845
7.65333333333,0.0,-70.0,103.0,229.0,219.445568023
7.66,0.0,-70.0,106.0,232.0,221.607867241
7.66666666667,0.0,-70.0,107.0,234.0,222.328184863
7.67333333333,0.0,-70.0,108.0,234.0,221.931987291
7.68,0.0,-70.0,108.0,232.0,220.128380897
7.68666666667,0.0,-70.0,108.0,229.0,216.694180214
7.69333333333,0.0,-70.0,107.0,224.0,211.974471818
7.7,0.0,-70.0,104.0,218.0,205.709435635
7.70666666667,0.0,-70.0,101.0,210.0,198.213018812
7.71333333333,0.0,-70.0,96.0,201.0,189.201060034
7.72,0.0,-70.0,91.0,190.0,178.969951435
7.72666666667,0.0,-70.0,84.0,177.0,167.223979605
7.73333333333,0.0,-70.0,76.0,162.0,153.74996969
7.74,0.0,-70.0,67.0,146.0,138.407744005
7.74666666667,0.0,-70.0,57.0,128.0,121.619041066
7.75333333333,0.0,-70.0,45.0,108.0,103.188220809
7.76,0.0,-70.0,32.0,87.0,82.9758999865
7.76666666667,0.0,-70.0,16.0,64.0,61.3946949691
7.77333333333,0.0,-70.0,0.0,39.0,38.2350710432
7.78,0.0,-70.0,-17.0,13.0,13.3425464652
7.78666666667,0.0,-70.0,-35.0,-14.0,-12.8843300573
7.79333333333,0.0,-68.0,-53.0,-41.0,-40.149275088
7.8,0.0,70.0,-72.0,-68.0,-66.7415634091
7.80666666667,0.0,70.0,-89.0,-94.0,-91.7601002958
7.81333333333,0.0,70.0,-106.0,-119.0,-115.370385719
7.82,0.0,70.0,-119.0,-140.0,-137.7231455
7.82666666667,0.0,70.0,-132.0,-160.0,-157.434549192
7.83333333333,0.0,70.0,-142.0,-178.0,-175.075658115
7.84,0.0,70.0,-151.0,-194.0,-190.608448658
7.84666666667,0.0,70.0,-158.0,-208.0,-204.037911207
7.85333333333,0.0,70.0,-165.0,-221.0,-215.393781885
7.86,0.0,70.0,-170.0,-231.0,-225.219853002
7.86666666667,0.0,70.0,-174.0,-241.0,-232.89751228
7.87333333333,0.0,70.0,-177.0,-248.0,-239.497641691
7.88,0.0,70.0,-180.0,-254.0,-244.263156759
7.88666666667,0.0,70.0,-181.0,-259.0,-247.644885066
7.89333333333,0.0,70.0,-182.0,-262.0,-249.958827037
7.9,0.0,70.0,-182.0,-263.0,-250.902768153
7.90666666667,0.0,70.0,-181.0,-263.0,-250.242400043
7.91333333333,0.0,70.0,-180.0,-262.0,-248.313068123
7.92,0.0,70.0,-177.0,-258.0,-245.350001352
7.92666666667,0.0,70.0,-174.0,-254.0,-240.49699375
7.93333333333,0.0,70.0,-170.0,-248.0,-234.656249282
7.94,0.0,70.0,-165.0,-240.0,-227.464702005
7.94666666667,0.0,70.0,-160.0,-231.0,-218.650491766
7.95333333333,0.0,70.0,-153.0,-220.0,-208.529420886
7.96,0.0,70.0,-145.0,-208.0,-196.827143903
7.96666666667,0.0,70.0,-136.0,-194.0,-183.853431531
7.97333333333,0.0,70.0,-126.0,-178.0,-169.326519714
7.98,0.0,70.0,-114.0,-161.0,-153.045930219
7.98666666667,0.0,70.0,-101.0,-142.0,-135.384871788
7.99333333333,0.0,70.0,-87.0,-121.0,-116.111645164
8.0,0.0,70.0,-71.0,-98.0,-95.0622632705
8.00666666667,0.0,70.0,-53.0,-74.0,-72.1314162806
8.01333333333,0.0,70.0,-34.0,-48.0,-47.7633260961
8.02,0.0,70.0,-13.0,-20.0,-21.7750053495
8.02666666667,0.0,70.0,8.0,8.0,5.96748216008
8.03333333333,0.0,-70.0,30.0,37.0,33.5128148535
8.04,0.0,-70.0,52.0,66.0,60.2524588982
8.04666666667,0.0,-70.0,73.0,94.0,86.557062067
8.05333333333,0.0,-70.0,92.0,119.0,112.189978756
8.06,0.0,-70.0,109.0,143.0,135.975543363
8.06666666667,0.0,-70.0,124.0,165.0,158.119660803
8.07333333333,0.0,-70.0,138.0,184.0,178.320554478
8.08,0.0,-70.0,150.0,203.0,195.906337844
8.08666666667,0.0,-70.0,159.0,218.0,211.969719685
8.09333333333,0.0,-70.0,168.0,232.0,225.314184003
8.1,0.0,-70.0,176.0,244.0,236.629776994
8.10666666667,0.0,-70.0,182.0,255.0,245.943713232
8.11333333333,0.0,-70.0,188.0,264.0,253.790062444
8.12,0.0,-70.0,192.0,271.0,260.040246607
8.12666666667,0.0,-70.0,196.0,277.0,264.587607833
8.13333333333,0.0,-70.0,199.0,281.0,267.853503417
8.14,0.0,-70.0,200.0,283.0,269.621982291
8.14666666667,0.0,-70.0,202.0,284.0,269.723910358
8.15333333333,0.0,-70.0,202.0,284.0,268.539957619
8.16,0.0,-70.0,202.0,282.0,266.333826781
8.16666666667,0.0,-70.0,202.0,279.0,262.767495314
8.17333333333,0.0,-70.0,200.0,274.0,258.087516017
8.18,0.0,-70.0,197.0,267.0,251.956386792
8.18666666667,0.0,-70.0,194.0,259.0,244.128641415
8.19333333333,0.0,-70.0,189.0,249.0,234.943942858
8.2,0.0,-70.0,184.0,238.0,224.147586385
8.20666666667,0.0,-70.0,178.0,225.0,212.064255086
8.21333333333,0.0,-70.0,170.0,210.0,198.422611023
8.22,0.0,-70.0,161.0,193.0,183.028771254
8.22666666667,0.0,-70.0,151.0,175.0,165.756661493
8.23333333333,0.0,-70.0,140.0,155.0,147.037466913
8.24,0.0,-70.0,126.0,133.0,126.681182466
8.24666666667,0.0,-70.0,111.0,109.0,104.551180857
8.25333333333,0.0,-70.0,95.0,83.0,80.5579617898
8.26,0.0,-70.0,76.0,55.0,54.6500928248
8.26666666667,0.0,-70.0,56.0,26.0,26.8045361183
8.27333333333,0.0,-70.0,36.0,-4.0,-2.47940843936
8.28,0.0,-70.0,15.0,-34.0,-32.8490479182
8.28666666667,0.0,70.0,-7.0,-65.0,-62.5399735559
8.29333333333,0.0,70.0,-26.0,-95.0,-91.1084273781
8.3,0.0,70.0,-45.0,-122.0,-118.555101668
8.30666666667,0.0,70.0,-61.0,-147.0,-143.89519986
8.31333333333,0.0,70.0,-75.0,-170.0,-166.973481324
8.32,0.0,70.0,-87.0,-191.0,-187.743405839
8.32666666667,0.0,70.0,-97.0,-210.0,-206.227655071
8.33333333333,0.0,70.0,-106.0,-228.0,-222.487021117
8.34,0.0,70.0,-114.0,-243.0,-237.100641251
8.34666666667,0.0,70.0,-120.0,-257.0,-249.48371345
8.35333333333,0.0,70.0,-126.0,-269.0,-260.233277828
8.36,0.0,70.0,-130.0,-279.0,-269.276613053
8.36666666667,0.0,70.0,-134.0,-287.0,-276.552341325
8.37333333333,0.0,70.0,-136.0,-294.0,-282.012827479
8.38,0.0,70.0,-138.0,-300.0,-286.126892745
8.38666666667,0.0,70.0,-140.0,-304.0,-289.216697234
8.39333333333,0.0,70.0,-140.0,-307.0,-290.978525699
8.4,0.0,70.0,-140.0,-308.0,-291.675108238
8.40666666667,0.0,70.0,-140.0,-308.0,-290.972601554
8.41333333333,0.0,70.0,-138.0,-306.0,-289.124280066
8.42,0.0,70.0,-136.0,-303.0,-285.80008152
8.42666666667,0.0,70.0,-133.0,-298.0,-281.264414554
8.43333333333,0.0,70.0,-129.0,-291.0,-275.201405822
8.44,0.0,70.0,-125.0,-284.0,-267.386961329
8.44666666667,0.0,70.0,-120.0,-274.0,-258.682392109
8.45333333333,0.0,70.0,-113.0,-263.0,-248.18662204
8.46,0.0,70.0,-106.0,-251.0,-236.261536009
8.46666666667,0.0,70.0,-98.0,-237.0,-223.176755783
8.47333333333,0.0,70.0,-89.0,-221.0,-208.614046775
8.48,0.0,70.0,-79.0,-204.0,-192.342794052
8.48666666667,0.0,70.0,-67.0,-184.0,-174.713239395
8.49333333333,0.0,70.0,-54.0,-164.0,-154.97468659
8.5,0.0,70.0,-39.0,-141.0,-134.117234648
8.50666666667,0.0,70.0,-22.0,-116.0,-111.342475012
8.51333333333,0.0,70.0,-4.0,-90.0,-86.5850265071
8.52,0.0,70.0,19.0,-58.0,-60.3241998657
8.52666666667,0.0,70.0,39.0,-31.0,-30.3937606947
8.53333333333,0.0,70.0,62.0,0.0,-0.835275264896
8.54,0.0,70.0,86.0,32.0,30.0120615302
8.54666666667,0.0,-70.0,109.0,64.0,60.8569861828
8.55333333333,0.0,-70.0,135.0,98.0,90.5569154955
8.56,0.0,-70.0,154.0,125.0,120.609577517
8.56666666667,0.0,-70.0,173.0,153.0,147.539922746
8.57333333333,0.0,-70.0,191.0,178.0,172.94032491
8.58,0.0,-70.0,206.0,202.0,196.014828138
8.58666666667,0.0,-70.0,219.0,222.0,217.247049822
8.59333333333,0.0,-70.0,230.0,242.0,235.515482483
8.6,0.0,-70.0,240.0,259.0,252.084911224
8.60666666667,0.0,-70.0,249.0,274.0,266.38286435
8.61333333333,0.0,-70.0,256.0,288.0,278.515311038
8.62,0.0,-70.0,263.0,301.0,289.081140099
8.62666666667,0.0,-70.0,268.0,311.0,298.5038534
8.63333333333,0.0,-70.0,273.0,320.0,306.04971739
8.64,0.0,-70.0,276.0,327.0,312.187828727
8.64666666667,0.0,-70.0,280.0,333.0,316.744503808
8.65333333333,0.0,-70.0,282.0,337.0,320.087690035
8.66,0.0,-70.0,283.0,340.0,321.96213764
8.66666666667,0.0,-70.0,284.0,341.0,322.675072864
8.67333333333,0.0,-70.0,284.0,341.0,321.929726949
8.68,0.0,-70.0,284.0,339.0,320.007847485
8.68666666667,0.0,-70.0,284.0,336.0,316.599534606
8.69333333333,0.0,-70.0,282.0,330.0,311.982169924
8.7,0.0,-70.0,280.0,325.0,305.344274115
8.70666666667,0.0,-70.0,276.0,316.0,298.132051253
8.71333333333,0.0,-70.0,272.0,307.0,288.852405103
8.72,0.0,-70.0,268.0,296.0,278.450199185
8.72666666667,0.0,-70.0,262.0,283.0,266.602938347
8.73333333333,0.0,-70.0,256.0,270.0,253.073478184
8.74,0.0,-70.0,248.0,254.0,238.707809017
8.74666666667,0.0,-70.0,239.0,236.0,222.58996686
8.75333333333,0.0,-70.0,228.0,217.0,204.566049594
8.76,0.0,-70.0,216.0,195.0,185.05401859
8.76666666667,0.0,-70.0,203.0,172.0,163.357871621
8.77333333333,0.0,-70.0,188.0,147.0,140.005625568
8.78,0.0,-70.0,171.0,120.0,114.888305139
8.78666666667,0.0,-70.0,151.0,90.0,87.9317707276
8.79333333333,0.0,-70.0,130.0,59.0,58.5881074594
8.8,0.0,-70.0,107.0,26.0,27.4961464825
8.80666666667,0.0,-70.0,83.0,-9.0,-5.37683349331
8.81333333333,0.0,-70.0,59.0,-43.0,-40.0577311982
8.82,0.0,70.0,32.0,-80.0,-74.022945866
8.82666666667,0.0,70.0,11.0,-110.0,-107.788917066
8.83333333333,0.0,70.0,-12.0,-145.0,-138.004371778
8.84,0.0,70.0,-28.0,-171.0,-168.394794929
8.84666666667,0.0,70.0,-45.0,-198.0,-194.619029401
8.85333333333,0.0,70.0,-60.0,-223.0,-218.672915036
8.86,0.0,70.0,-72.0,-246.0,-240.573633313
8.86666666667,0.0,70.0,-84.0,-268.0,-260.363338557
8.87333333333,0.0,70.0,-92.0,-285.0,-278.596932799
8.88,0.0,70.0,-101.0,-304.0,-293.659110757
8.88666666667,0.0,70.0,-108.0,-318.0,-307.95048821
8.89333333333,0.0,70.0,-113.0,-332.0,-319.660926528
8.9,0.0,70.0,-119.0,-344.0,-330.003311838
8.90666666667,0.0,70.0,-123.0,-355.0,-338.839713492
8.91333333333,0.0,70.0,-126.0,-364.0,-346.550212876
8.92,0.0,70.0,-129.0,-372.0,-352.87641505
8.92666666667,0.0,70.0,-132.0,-378.0,-358.113770437
8.93333333333,0.0,70.0,-133.0,-383.0,-361.949997981
8.94,0.0,70.0,-135.0,-386.0,-364.65089993
8.94666666667,0.0,70.0,-135.0,-388.0,-365.892188846
8.95333333333,0.0,70.0,-136.0,-389.0,-365.939408313
8.96,0.0,70.0,-136.0,-388.0,-364.97782344
8.96666666667,0.0,70.0,-135.0,-386.0,-362.621504761
8.97333333333,0.0,70.0,-133.0,-382.0,-359.092517875
8.98,0.0,70.0,-132.0,-377.0,-354.045435789
8.98666666667,0.0,70.0,-129.0,-370.0,-347.740376439
8.99333333333,0.0,70.0,-126.0,-362.0,-339.864180051
9.0,0.0,70.0,-122.0,-352.0,-330.702148597
9.00666666667,0.0,70.0,-118.0,-341.0,-319.959270516
9.01333333333,0.0,70.0,-112.0,-328.0,-307.932792739
9.02,0.0,70.0,-106.0,-314.0,-294.334644164
9.02666666667,0.0,70.0,-100.0,-298.0,-279.46528448
9.03333333333,0.0,70.0,-91.0,-281.0,-263.037304284
9.04,0.0,70.0,-82.0,-262.0,-245.350257089
9.04666666667,0.0,70.0,-72.0,-241.0,-226.115016483
9.05333333333,0.0,70.0,-60.0,-218.0,-205.126274861
9.06,0.0,70.0,-45.0,-194.0,-182.251594779
9.06666666667,0.0,70.0,-30.0,-167.0,-157.919515441
9.07333333333,0.0,70.0,-12.0,-138.0,-131.437016927
9.08,0.0,70.0,8.0,-107.0,-102.827434869
9.08666666667,0.0,70.0,30.0,-74.0,-72.1359914144
9.09333333333,0.0,70.0,55.0,-39.0,-39.4157515047
9.1,0.0,70.0,80.0,-2.0,-4.71847764215
9.10666666667,0.0,70.0,107.0,35.0,31.9105907874
9.11333333333,0.0,70.0,133.0,72.0,69.4293131832
9.12,0.0,-10.0,158.0,108.0,106.530388561
9.12666666667,0.0,-70.0,181.0,142.0,141.553064391
9.13333333333,0.0,-70.0,202.0,174.0,173.744953716
9.14,0.0,-70.0,220.0,204.0,203.216415524
9.14666666667,0.0,-70.0,236.0,232.0,230.129062419
9.15333333333,0.0,-70.0,250.0,257.0,254.656145453
9.16,0.0,-70.0,262.0,280.0,276.455078237
9.16666666667,0.0,-70.0,272.0,301.0,295.818813784
9.17333333333,0.0,-70.0,281.0,320.0,312.983736239
9.18,0.0,-70.0,288.0,338.0,328.125979203
9.18666666667,0.0,-70.0,295.0,354.0,341.869029989
9.19333333333,0.0,-70.0,300.0,368.0,354.128519441
9.2,0.0,-70.0,306.0,381.0,364.810359938
9.20666666667,0.0,-70.0,310.0,392.0,374.328433719
9.21333333333,0.0,-70.0,313.0,402.0,382.448374883
9.22,0.0,-70.0,315.0,410.0,389.48116772
9.22666666667,0.0,-70.0,318.0,417.0,395.123291794
9.23333333333,0.0,-70.0,319.0,422.0,399.644323361
9.24,0.0,-70.0,320.0,426.0,402.720382694
9.24666666667,0.0,-70.0,320.0,428.0,404.615391997
9.25333333333,0.0,-70.0,320.0,429.0,405.009112996
9.26,0.0,-70.0,320.0,429.0,404.174162624
9.26666666667,0.0,-70.0,319.0,427.0,402.303850518
9.27333333333,0.0,-70.0,318.0,424.0,399.019945388
9.28,0.0,-70.0,316.0,419.0,394.55113004
9.28666666667,0.0,-70.0,313.0,413.0,388.55720566
9.29333333333,0.0,-70.0,310.0,405.0,381.302107169
9.3,0.0,-70.0,307.0,396.0,372.475228967
9.30666666667,0.0,-70.0,303.0,386.0,362.363396003
9.31333333333,0.0,-70.0,298.0,374.0,351.175213381
9.32,0.0,-70.0,292.0,360.0,338.546658607
9.32666666667,0.0,-70.0,285.0,345.0,324.21551231
9.33333333333,0.0,-70.0,278.0,328.0,308.512358741
9.34,0.0,-70.0,270.0,310.0,291.178981125
9.34666666667,0.0,-70.0,260.0,290.0,272.54024176
9.35333333333,0.0,-70.0,248.0,268.0,252.327148764
9.36,0.0,-70.0,236.0,245.0,230.349188352
9.36666666667,0.0,-70.0,222.0,219.0,206.986760093
9.37333333333,0.0,-70.0,205.0,190.0,181.51004829
9.38,0.0,-70.0,187.0,162.0,153.413595155
9.38666666667,0.0,-70.0,164.0,127.0,124.393271134
9.39333333333,0.0,-70.0,142.0,95.0,91.6354139455
9.4,0.0,-70.0,116.0,58.0,58.199696661
9.40666666667,0.0,-70.0,89.0,20.0,22.2586990351
9.41333333333,0.0,-70.0,60.0,-20.0,-15.4936381763
9.42,0.0,-70.0,30.0,-61.0,-55.0500463197
9.42666666667,0.0,-5.0,4.0,-98.0,-95.4273650919
9.43333333333,0.0,70.0,-22.0,-135.0,-132.995957752
9.44,0.0,70.0,-45.0,-170.0,-168.016071897
9.44666666667,0.0,70.0,-66.0,-203.0,-200.478409843
9.45333333333,0.0,70.0,-85.0,-234.0,-230.455556091
9.46,0.0,70.0,-101.0,-262.0,-258.059907878
9.46666666667,0.0,70.0,-115.0,-288.0,-282.911534443
9.47333333333,0.0,70.0,-128.0,-313.0,-305.284123613
9.48,0.0,70.0,-138.0,-335.0,-325.910485466
9.48666666667,0.0,70.0,-148.0,-356.0,-344.307096034
9.49333333333,0.0,70.0,-156.0,-375.0,-361.129884383
9.5,0.0,70.0,-163.0,-393.0,-376.333357403
9.50666666667,0.0,70.0,-169.0,-409.0,-390.364501525
9.51333333333,0.0,70.0,-175.0,-424.0,-403.009153737
9.52,0.0,70.0,-180.0,-437.0,-414.588597067
9.52666666667,0.0,70.0,-184.0,-448.0,-424.802599849
9.53333333333,0.0,70.0,-188.0,-459.0,-433.416648916
9.54,0.0,70.0,-191.0,-468.0,-441.267471959
9.54666666667,0.0,70.0,-193.0,-475.0,-447.92672749
9.55333333333,0.0,70.0,-196.0,-481.0,-453.064830777
9.56,0.0,70.0,-197.0,-486.0,-456.950866299
9.56666666667,0.0,70.0,-198.0,-490.0,-459.778420286
9.57333333333,0.0,70.0,-200.0,-491.0,-461.67460414
9.58,0.0,70.0,-200.0,-492.0,-461.707221335
9.58666666667,0.0,70.0,-200.0,-492.0,-460.730047527
9.59333333333,0.0,70.0,-200.0,-490.0,-458.856186548
9.6,0.0,70.0,-200.0,-486.0,-455.644284989
9.60666666667,0.0,70.0,-198.0,-482.0,-450.774292651
9.61333333333,0.0,70.0,-197.0,-475.0,-445.039884928
9.62,0.0,70.0,-195.0,-468.0,-437.496724177
9.62666666667,0.0,70.0,-193.0,-459.0,-428.985571695
9.63333333333,0.0,70.0,-190.0,-448.0,-419.104640805
9.64,0.0,70.0,-186.0,-437.0,-407.561142293
9.64666666667,0.0,70.0,-182.0,-424.0,-395.165679635
9.65333333333,0.0,70.0,-177.0,-408.0,-381.485722306
9.66,0.0,70.0,-172.0,-393.0,-365.698047878
9.66666666667,0.0,70.0,-166.0,-375.0,-349.252205111
9.67333333333,0.0,70.0,-159.0,-356.0,-331.169822271
9.68,0.0,70.0,-150.0,-336.0,-311.749809872
9.68666666667,0.0,70.0,-140.0,-312.0,-291.214455081
9.69333333333,0.0,70.0,-130.0,-289.0,-268.207072561
9.7,0.0,70.0,-118.0,-263.0,-244.302518143
9.70666666667,0.0,70.0,-104.0,-235.0,-218.62397891
9.71333333333,0.0,70.0,-88.0,-205.0,-191.043499348
9.72,0.0,70.0,-69.0,-173.0,-161.491413727
9.72666666667,0.0,70.0,-47.0,-138.0,-129.940431044
9.73333333333,0.0,70.0,-23.0,-100.0,-95.8885694322
9.74,0.0,70.0,4.0,-61.0,-59.009072184
9.74666666667,0.0,70.0,33.0,-19.0,-20.1214772871
9.75333333333,0.0,70.0,63.0,24.0,21.1735214351
9.76,0.0,70.0,94.0,67.0,64.1467331448
9.76666666667,0.0,70.0,123.0,109.0,107.779314396
9.77333333333,0.0,70.0,150.0,149.0,150.892323896
9.78,0.0,-7.0,174.0,187.0,191.67183252
9.78666666667,0.0,-70.0,196.0,223.0,228.645912818
9.79333333333,0.0,-70.0,215.0,257.0,261.745054871
9.8,0.0,-70.0,232.0,289.0,291.622167489
9.80666666667,0.0,-70.0,247.0,318.0,318.814734961
9.81333333333,0.0,-70.0,261.0,348.0,343.228066703
9.82,0.0,-70.0,271.0,372.0,366.814896455
9.82666666667,0.0,-70.0,281.0,396.0,387.401336806
9.83333333333,0.0,-70.0,290.0,418.0,406.430456894
9.84,0.0,-70.0,297.0,439.0,423.920622299
9.84666666667,0.0,-70.0,303.0,458.0,440.346891394
9.85333333333,0.0,-70.0,309.0,476.0,455.498926139
9.86,0.0,-70.0,314.0,493.0,469.687142221
9.86666666667,0.0,-70.0,318.0,508.0,483.095914385
9.87333333333,0.0,-70.0,322.0,522.0,495.311595598
9.88,0.0,-70.0,325.0,534.0,506.515902499
9.88666666667,0.0,-70.0,327.0,545.0,516.320214739
9.89333333333,0.0,-70.0,330.0,554.0,524.94468925
9.9,0.0,-70.0,331.0,563.0,532.042639025
9.90666666667,0.0,-70.0,333.0,570.0,538.376288992
9.91333333333,0.0,-70.0,334.0,576.0,543.473460116
9.92,0.0,-70.0,335.0,581.0,547.48664169
9.92666666667,0.0,-70.0,335.0,584.0,550.521440766
9.93333333333,0.0,-70.0,335.0,586.0,552.140999314
9.94,0.0,-70.0,335.0,587.0,552.539155397
9.94666666667,0.0,-70.0,335.0,587.0,551.861687282
9.95333333333,0.0,-70.0,335.0,585.0,550.209501974
9.96,0.0,-70.0,334.0,582.0,547.142773019
9.96666666667,0.0,-70.0,333.0,578.0,542.853739398
9.97333333333,0.0,-70.0,332.0,573.0,537.487580016
9.98,0.0,-70.0,330.0,566.0,531.145270622
9.98666666667,0.0,-70.0,328.0,558.0,523.387450243
9.99333333333,0.0,-70.0,326.0,549.0,514.407015149
